"ID","Pedigree","Comments_merged","Comments_isu_gb","Comments_note"
"Ames10249","GA212","other_unclassified","unclassified","ok"
"Ames10252","GA222","other_unclassified","unclassified","ok"
"Ames10254","GE54","other_unclassified","unclassified","ok"
"Ames10255","GE72","other_unclassified","unclassified","ok"
"Ames10256","GE129","other_unclassified","unclassified","ok"
"Ames10261","GE335","other_unclassified","unclassified","ok"
"Ames10265","L 678","other_unclassified","unclassified","ok"
"Ames10271","SC84E","other_unclassified","unclassified","ok"
"Ames10272","SC90","other_unclassified","unclassified","ok"
"Ames10273","SC102","other_unclassified","unclassified","ok"
"Ames10274","SC144","other_unclassified","unclassified","ok"
"Ames10277","SC235","other_unclassified","unclassified","ok"
"Ames10287","ABPl 3","other_unclassified","unclassified","ok"
"Ames12727","NC83","other_unclassified","unclassified","ok"
"Ames12728","NC220","other_unclassified","unclassified","ok"
"Ames12729","NC222","other_unclassified","unclassified","ok"
"Ames12730","NC224","other_unclassified","unclassified","ok"
"Ames12731","NC230","other_unclassified","unclassified","ok"
"Ames12740","NC248","other_unclassified","unclassified","ok"
"Ames12814","89S4083","other_unclassified","unclassified","ok"
"Ames12815","89S4098","other_unclassified","unclassified","ok"
"Ames12816","89S4107","other_unclassified","unclassified","ok"
"Ames12817","89S4110","other_unclassified","unclassified","ok"
"Ames12818","89S4117","other_unclassified","unclassified","ok"
"Ames12819","89S4125","other_unclassified","unclassified","ok"
"Ames12820","89S4127","other_unclassified","unclassified","ok"
"Ames12821","89S4145","other_unclassified","unclassified","ok"
"Ames12822","89S4154","other_unclassified","unclassified","ok"
"Ames12823","89S4157","other_unclassified","unclassified","ok"
"Ames12824","89S4190","other_unclassified","unclassified","ok"
"Ames14112","Va3A","other_unclassified","unclassified","ok"
"Ames14113","Va12C","other_unclassified","unclassified","ok"
"Ames14114","Va14A","other_unclassified","unclassified","ok"
"Ames14115","Va35C","other_non-stiff stalk","non-stiff stalk","ok"
"Ames14116","Va36A","other_non-stiff stalk","non-stiff stalk","ok"
"Ames14211","EAST 028 WHITE COB","other_unclassified","unclassified","ok"
"Ames18999","Ab28A","other_unclassified","unclassified","ok"
"Ames19000","VaW6","other_unclassified","unclassified","ok"
"Ames19001","Va16","other_unclassified","unclassified","ok"
"Ames19002","Va17","other_unclassified","unclassified","ok"
"Ames19003","Va18A","other_unclassified","unclassified","ok"
"Ames19004","Va21A","other_unclassified","unclassified","ok"
"Ames19006","Va22B","other_non-stiff stalk","non-stiff stalk","ok"
"Ames19007","Va23","other_unclassified","unclassified","ok"
"Ames19008","Va24","other_unclassified","unclassified","ok"
"Ames19009","Va30","other_unclassified","unclassified","ok"
"Ames19010","Va37","other_unclassified","unclassified","ok"
"Ames19011","Va38","other_unclassified","unclassified","ok"
"Ames19012","Va39","other_unclassified","unclassified","ok"
"Ames19013","Va46","other_unclassified","unclassified","ok"
"Ames19014","Va52","other_unclassified","unclassified","ok"
"Ames19016","Va59","other_non-stiff stalk","non-stiff stalk","ok"
"Ames19017","Va60","other_unclassified","unclassified","ok"
"Ames19019","Va91","other_unclassified","unclassified","ok"
"Ames19283","B37 TRf","other_stiff stalk","stiff stalk","ok"
"Ames19284","C103","other_non-stiff stalk","non-stiff stalk","ok"
"Ames19287","Mo17TRf","other_non-stiff stalk","non-stiff stalk","ok"
"Ames19288","Oh43","other_non-stiff stalk","non-stiff stalk","ok"
"Ames19293","Wf9","other_stiff stalk","stiff stalk","ok"
"Ames19308","A634","other_stiff stalk","stiff stalk","ok"
"Ames19309","A635","other_stiff stalk","stiff stalk","ok"
"Ames19311","A641","other_stiff stalk","stiff stalk","ok"
"Ames19313","C123","other_non-stiff stalk","non-stiff stalk","ok"
"Ames19316","CM174","other_unclassified","unclassified","ok"
"Ames19318","H107","other_non-stiff stalk","non-stiff stalk","ok"
"Ames19319","H95","other_non-stiff stalk","non-stiff stalk","ok"
"Ames19321","N28","other_unclassified","unclassified","ok"
"Ames19323","Oh7B","other_unclassified","unclassified","ok"
"Ames19324","Pa871","other_unclassified","unclassified","ok"
"Ames19326","R168","other_unclassified","unclassified","ok"
"Ames19327","Tx303","other_unclassified","unclassified","ok"
"Ames19328","Va22","other_non-stiff stalk","non-stiff stalk","ok"
"Ames19330","W182B","other_unclassified","unclassified","ok"
"Ames20118","Mo25W","other_unclassified","unclassified","ok"
"Ames20120","Mo42","other_non-stiff stalk","non-stiff stalk","ok"
"Ames20136","H21W","other_unclassified","unclassified","ok"
"Ames20137","H25W","other_non-stiff stalk","non-stiff stalk","ok"
"Ames20140","Mt42","other_unclassified","unclassified","ok"
"Ames20190","CM37","other_unclassified","unclassified","ok"
"Ames21095","R12","other_unclassified","unclassified","ok"
"Ames21096","R35","other_unclassified","unclassified","ok"
"Ames21512","CI31A","other_unclassified","unclassified","ok"
"Ames22439","A73","other_unclassified","unclassified","ok"
"Ames22440","CI90C","other_NA","unknown","ok"
"Ames22441","CH157","other_unclassified","unclassified","ok"
"Ames22442","Ms100","other_unclassified","unclassified","ok"
"Ames22747","CM48","other_unclassified","unclassified","ok"
"Ames22748","H100","other_stiff stalk","stiff stalk","ok"
"Ames22750","H112","other_non-stiff stalk","non-stiff stalk","ok"
"Ames22751","H114","other_unclassified","unclassified","ok"
"Ames22752","H119","other_unclassified","unclassified","ok"
"Ames22753","H123","other_stiff stalk","stiff stalk","ok"
"Ames22754","K55","other_unclassified","unclassified","ok"
"Ames22756","Os426","other_stiff stalk","stiff stalk","ok"
"Ames22757","Pa405","other_non-stiff stalk","non-stiff stalk","ok"
"Ames22759","Tx29A","other_unclassified","unclassified","ok"
"Ames22760","Tx71","other_unclassified","unclassified","ok"
"Ames22762","Tx118","other_unclassified","unclassified","ok"
"Ames22765","Tx738","other_unclassified","unclassified","ok"
"Ames22766","Tx817w","other_unclassified","unclassified","ok"
"Ames22767","W59E","other_unclassified","unclassified","ok"
"Ames22792","ABPl 2","other_unclassified","unclassified","ok"
"Ames22793","ABPl 4","other_unclassified","unclassified","ok"
"Ames22794","ABPl 5","other_unclassified","unclassified","ok"
"Ames2327","Lai 1029","other_unclassified","unclassified","ok"
"Ames2328","North 7","other_unclassified","unclassified","ok"
"Ames2329","SW 322","other_unclassified","unclassified","ok"
"Ames2330","East 028","other_unclassified","unclassified","ok"
"Ames2331","Yellow 3-4","other_unclassified","unclassified","ok"
"Ames2332","Bei 10 = North 10","other_unclassified","unclassified","ok"
"Ames2333","Yong 28","other_unclassified","unclassified","ok"
"Ames2334","Yong 28 (br2)","other_unclassified","unclassified","ok"
"Ames2335","Ye 4","other_unclassified","unclassified","ok"
"Ames2336","52220","other_unclassified","unclassified","ok"
"Ames2337","Huanyao","other_unclassified","unclassified","ok"
"Ames2338","(Twan x Tzuh)-S6","other_unclassified","unclassified","ok"
"Ames23389","A15","other_unclassified","unclassified","ok"
"Ames2339","Huobai","other_unclassified","unclassified","ok"
"Ames23391","A34","other_unclassified","unclassified","ok"
"Ames23392","A90","other_unclassified","unclassified","ok"
"Ames23393","A96","other_unclassified","unclassified","ok"
"Ames23394","A116","other_unclassified","unclassified","ok"
"Ames23395","A152","other_unclassified","unclassified","ok"
"Ames23396","A155","other_unclassified","unclassified","ok"
"Ames23397","A158","other_unclassified","unclassified","ok"
"Ames23398","A166","other_unclassified","unclassified","ok"
"Ames23399","A201","other_unclassified","unclassified","ok"
"Ames2340","WFg 3-9","other_unclassified","unclassified","ok"
"Ames23400","A203","other_unclassified","unclassified","ok"
"Ames23401","A204","other_unclassified","unclassified","ok"
"Ames23402","A208","other_unclassified","unclassified","ok"
"Ames23403","A218","other_unclassified","unclassified","ok"
"Ames23404","A223","other_unclassified","unclassified","ok"
"Ames23405","A239","other_unclassified","unclassified","ok"
"Ames23406","A251","other_unclassified","unclassified","ok"
"Ames23407","A257","other_unclassified","unclassified","ok"
"Ames23408","A260","other_unclassified","unclassified","ok"
"Ames23409","A264","other_unclassified","unclassified","ok"
"Ames2341","S330","other_unclassified","unclassified","ok"
"Ames23410","A265","other_unclassified","unclassified","ok"
"Ames23413","A286","other_unclassified","unclassified","ok"
"Ames23414","A288","other_unclassified","unclassified","ok"
"Ames23415","A295","other_unclassified","unclassified","ok"
"Ames23417","A305","other_unclassified","unclassified","ok"
"Ames23418","A308","other_unclassified","unclassified","ok"
"Ames23419","A310","other_unclassified","unclassified","ok"
"Ames23420","A312","other_unclassified","unclassified","ok"
"Ames23421","A321","other_unclassified","unclassified","ok"
"Ames23422","A322","other_unclassified","unclassified","ok"
"Ames23423","A334","other_unclassified","unclassified","ok"
"Ames23424","A340","other_unclassified","unclassified","ok"
"Ames23425","A344","other_unclassified","unclassified","ok"
"Ames23426","A357","other_unclassified","unclassified","ok"
"Ames23427","A374","other_unclassified","unclassified","ok"
"Ames23428","A375","other_unclassified","unclassified","ok"
"Ames23429","A385","other_unclassified","unclassified","ok"
"Ames23430","A401","other_unclassified","unclassified","ok"
"Ames23431","A407","other_unclassified","unclassified","ok"
"Ames23433","A422","other_unclassified","unclassified","ok"
"Ames23434","A424","other_unclassified","unclassified","ok"
"Ames23435","A427","other_unclassified","unclassified","ok"
"Ames23436","A449","other_unclassified","unclassified","ok"
"Ames23437","A450","other_unclassified","unclassified","ok"
"Ames23438","A451","other_unclassified","unclassified","ok"
"Ames23439","A480","other_unclassified","unclassified","ok"
"Ames23440","A495","other_unclassified","unclassified","ok"
"Ames23441","A497","other_unclassified","unclassified","ok"
"Ames23442","A498","other_unclassified","unclassified","ok"
"Ames23443","A499","other_unclassified","unclassified","ok"
"Ames23444","A500","other_unclassified","unclassified","ok"
"Ames23445","A502","other_unclassified","unclassified","ok"
"Ames23446","A508","other_unclassified","unclassified","ok"
"Ames23447","A509","other_unclassified","unclassified","ok"
"Ames23448","A547","other_unclassified","unclassified","ok"
"Ames23449","A548","other_unclassified","unclassified","ok"
"Ames23450","A556","other_unclassified","unclassified","ok"
"Ames23451","A572","other_unclassified","unclassified","ok"
"Ames23452","A575","other_unclassified","unclassified","ok"
"Ames23455","A588","other_unclassified","unclassified","ok"
"Ames23456","A617","other_unclassified","unclassified","ok"
"Ames23457","A618","other_unclassified","unclassified","ok"
"Ames23458","A619HT","other_non-stiff stalk","non-stiff stalk","ok"
"Ames23459","A622","other_unclassified","unclassified","ok"
"Ames23460","A624","other_unclassified","unclassified","ok"
"Ames23461","A625","other_unclassified","unclassified","ok"
"Ames23463","A627","other_unclassified","unclassified","ok"
"Ames23464","A628","other_unclassified","unclassified","ok"
"Ames23465","A629","other_unclassified","unclassified","ok"
"Ames23466","A630","other_unclassified","unclassified","ok"
"Ames23467","A631","other_unclassified","unclassified","ok"
"Ames23468","A632HT","other_unclassified","unclassified","ok"
"Ames23469","A632HTN","other_stiff stalk","stiff stalk","ok"
"Ames23470","A632RpRp","other_stiff stalk","stiff stalk","ok"
"Ames23471","A633","other_stiff stalk","stiff stalk","ok"
"Ames23473","A635RpRp","other_stiff stalk","stiff stalk","ok"
"Ames23474","A636","other_unclassified","unclassified","ok"
"Ames23475","A637","other_unclassified","unclassified","ok"
"Ames23476","A638","other_unclassified","unclassified","ok"
"Ames23477","A640","other_unclassified","unclassified","ok"
"Ames23478","A643","other_unclassified","unclassified","ok"
"Ames23479","A644","other_unclassified","unclassified","ok"
"Ames23480","A645","other_unclassified","unclassified","ok"
"Ames23481","A646","other_unclassified","unclassified","ok"
"Ames23482","A649","other_unclassified","unclassified","ok"
"Ames23483","A650","other_unclassified","unclassified","ok"
"Ames23484","A651","other_unclassified","unclassified","ok"
"Ames23485","A652","other_stiff stalk","stiff stalk","ok"
"Ames23486","A653","other_unclassified","unclassified","ok"
"Ames23487","A655","other_unclassified","unclassified","ok"
"Ames23488","A656","other_unclassified","unclassified","ok"
"Ames23490","A666","other_unclassified","unclassified","ok"
"Ames23491","A667","other_stiff stalk","stiff stalk","ok"
"Ames23492","A668","other_unclassified","unclassified","ok"
"Ames23493","A669","other_unclassified","unclassified","ok"
"Ames23494","A670","other_stiff stalk","stiff stalk","ok"
"Ames23495","A671","other_unclassified","unclassified","ok"
"Ames23496","A672","other_unclassified","unclassified","ok"
"Ames23497","A673","other_unclassified","unclassified","ok"
"Ames23498","A674","other_unclassified","unclassified","ok"
"Ames23499","A675","other_unclassified","unclassified","ok"
"Ames23500","A676","other_unclassified","unclassified","ok"
"Ames23501","A677","other_unclassified","unclassified","ok"
"Ames23502","A678","other_unclassified","unclassified","ok"
"Ames23503","A680","other_stiff stalk","stiff stalk","ok"
"Ames23504","A681","other_stiff stalk","stiff stalk","ok"
"Ames23505","A683","other_unclassified","unclassified","ok"
"Ames23922","Oh51A","other_unclassified","unclassified","ok"
"Ames23924","Tx706","other_unclassified","unclassified","ok"
"Ames24585","CG10","other_unclassified","unclassified","ok"
"Ames24589","I159","other_unclassified","unclassified","ok"
"Ames24590","I198","other_unclassified","unclassified","ok"
"Ames24704","MS1","other_non-stiff stalk","non-stiff stalk","ok"
"Ames24705","MS4","other_unclassified","unclassified","ok"
"Ames24706","MS12","other_unclassified","unclassified","ok"
"Ames24707","MS24","other_unclassified","unclassified","ok"
"Ames24708","MS24A","other_unclassified","unclassified","ok"
"Ames24709","MS57","other_non-stiff stalk","non-stiff stalk","ok"
"Ames24710","MS67","other_unclassified","unclassified","ok"
"Ames24711","MS68","other_non-stiff stalk","non-stiff stalk","ok"
"Ames24712","MS71","other_NA","unknown","ok"
"Ames24713","MS72","other_unclassified","unclassified","ok"
"Ames24714","MS74","other_unclassified","unclassified","ok"
"Ames24715","MS75","other_unclassified","unclassified","ok"
"Ames24716","MS76","other_unclassified","unclassified","ok"
"Ames24717","MS77","other_unclassified","unclassified","ok"
"Ames24718","MS78","other_unclassified","unclassified","ok"
"Ames24719","MS79","other_unclassified","unclassified","ok"
"Ames24720","MS80","other_unclassified","unclassified","ok"
"Ames24722","MS89","other_unclassified","unclassified","ok"
"Ames24723","MS91","other_unclassified","unclassified","ok"
"Ames24724","MS92","other_unclassified","unclassified","ok"
"Ames24725","MS93","other_unclassified","unclassified","ok"
"Ames24726","MS100","other_NA","unknown","ok"
"Ames24727","MS106","other_unclassified","unclassified","ok"
"Ames24728","MS107","other_unclassified","unclassified","ok"
"Ames24729","MS116","other_unclassified","unclassified","ok"
"Ames24730","MS132","other_stiff stalk","stiff stalk","ok"
"Ames24732","MS141","other_unclassified","unclassified","ok"
"Ames24733","MS142","other_unclassified","unclassified","ok"
"Ames24734","MS153","other_unclassified","unclassified","ok"
"Ames24735","MS198","other_unclassified","unclassified","ok"
"Ames24736","MS199","other_unclassified","unclassified","ok"
"Ames24737","MS200","other_unclassified","unclassified","ok"
"Ames24738","MS201","other_unclassified","unclassified","ok"
"Ames24739","MS203","other_unclassified","unclassified","ok"
"Ames24740","MS204","other_unclassified","unclassified","ok"
"Ames24741","MS206","other_unclassified","unclassified","ok"
"Ames24742","MS211","other_unclassified","unclassified","ok"
"Ames24743","MS214","other_stiff stalk","stiff stalk","ok"
"Ames24744","MS215","other_unclassified","unclassified","ok"
"Ames24745","MS216","other_unclassified","unclassified","ok"
"Ames24746","MS221","other_non-stiff stalk","non-stiff stalk","ok"
"Ames24747","MS222","other_non-stiff stalk","non-stiff stalk","ok"
"Ames24748","MS223","other_non-stiff stalk","non-stiff stalk","ok"
"Ames24749","MS224","other_non-stiff stalk","non-stiff stalk","ok"
"Ames24750","MS225","other_non-stiff stalk","non-stiff stalk","ok"
"Ames24751","MS226","other_unclassified","unclassified","ok"
"Ames24752","MS1334","other_unclassified","unclassified","ok"
"Ames24989","Va99","other_non-stiff stalk","non-stiff stalk","ok"
"Ames25219","A619Ht1","other_non-stiff stalk","non-stiff stalk","ok"
"Ames25220","A619Ht2","other_non-stiff stalk","non-stiff stalk","ok"
"Ames25221","A619Ht3","other_non-stiff stalk","non-stiff stalk","ok"
"Ames2523","38-11R PARENT HB 19 INB","other_stiff stalk","stiff stalk","ok"
"Ames25372","Pa91HT1","other_stiff stalk","stiff stalk","ok"
"Ames25373","Pa91HT2","other_unclassified","unclassified","ok"
"Ames25374","Pa91HT3","other_stiff stalk","stiff stalk","ok"
"Ames25559","H60","other_unclassified","unclassified","ok"
"Ames26021","P8","other_unclassified","unclassified","ok"
"Ames26022","Tr","other_unclassified","unclassified","ok"
"Ames26028","CI 540","other_unclassified","unclassified","ok"
"Ames26114","CI 1","other_unclassified","unclassified","ok"
"Ames26115","CI 2","other_unclassified","unclassified","ok"
"Ames26116","CI 3A","other_unclassified","unclassified","ok"
"Ames26118","CI 11B","other_unclassified","unclassified","ok"
"Ames26119","CI 19","other_unclassified","unclassified","ok"
"Ames26120","CI 20","other_unclassified","unclassified","ok"
"Ames26121","CI 28","other_unclassified","unclassified","ok"
"Ames26122","CI 28B","other_unclassified","unclassified","ok"
"Ames26123","CI 28C","other_unclassified","unclassified","ok"
"Ames26124","CI 30","other_unclassified","unclassified","ok"
"Ames26125","CI 31","other_unclassified","unclassified","ok"
"Ames26126","CI 32","other_unclassified","unclassified","ok"
"Ames26127","CI 34","other_unclassified","unclassified","ok"
"Ames26128","CI 40H","other_unclassified","unclassified","ok"
"Ames26129","CI 41","other_unclassified","unclassified","ok"
"Ames26130","CI 46","other_unclassified","unclassified","ok"
"Ames26131","CI 70","other_unclassified","unclassified","ok"
"Ames26133","CI 74","other_unclassified","unclassified","ok"
"Ames26134","CI 75","other_unclassified","unclassified","ok"
"Ames26135","CI 82B","other_unclassified","unclassified","ok"
"Ames26136","CI 84B","other_unclassified","unclassified","ok"
"Ames26137","CI 91C","other_unclassified","unclassified","ok"
"Ames26138","CI 187-2","other_stiff stalk","stiff stalk","ok"
"Ames26604","38-11","other_unclassified","unclassified","ok"
"Ames26741","WX187-2","other_unclassified","unclassified","ok"
"Ames26742","WX33-16","other_stiff stalk","stiff stalk","ok"
"Ames26743","WX38-11","other_stiff stalk","stiff stalk","ok"
"Ames26744","WXB14","other_stiff stalk","stiff stalk","ok"
"Ames26745","WXB6","other_unclassified","unclassified","ok"
"Ames26746","WXHy","other_unclassified","unclassified","ok"
"Ames26747","WXI198","other_non-stiff stalk","non-stiff stalk","ok"
"Ames26748","WXI205","other_non-stiff stalk","non-stiff stalk","ok"
"Ames26749","WXK41","other_unclassified","unclassified","ok"
"Ames26750","WXK44","other_unclassified","unclassified","ok"
"Ames26751","WXK55","other_unclassified","unclassified","ok"
"Ames26752","WXK64","other_unclassified","unclassified","ok"
"Ames26753","WXL289","other_non-stiff stalk","non-stiff stalk","ok"
"Ames26754","WXL317","other_non-stiff stalk","non-stiff stalk","ok"
"Ames26755","WXM14","other_unclassified","unclassified","ok"
"Ames26756","WXOs420","other_stiff stalk","stiff stalk","ok"
"Ames26757","WXW22","other_non-stiff stalk","non-stiff stalk","ok"
"Ames26758","WXWF9","other_stiff stalk","stiff stalk","ok"
"Ames26770","66","other_unclassified","unclassified","ok"
"Ames26771","33-16","other_unclassified","unclassified","ok"
"Ames26772","H5","other_unclassified","unclassified","ok"
"Ames26773","H10","other_unclassified","unclassified","ok"
"Ames26774","H14","other_unclassified","unclassified","ok"
"Ames26775","H19","other_unclassified","unclassified","ok"
"Ames26776","H22w","other_non-stiff stalk","non-stiff stalk","ok"
"Ames26777","H23w","other_unclassified","unclassified","ok"
"Ames26778","H26w","other_unclassified","unclassified","ok"
"Ames26779","H27w","other_unclassified","unclassified","ok"
"Ames26780","H28w","other_unclassified","unclassified","ok"
"Ames26781","H29w","other_unclassified","unclassified","ok"
"Ames26782","H30w","other_unclassified","unclassified","ok"
"Ames26783","H41","other_unclassified","unclassified","ok"
"Ames26784","H42","other_unclassified","unclassified","ok"
"Ames26785","H45","other_stiff stalk","stiff stalk","ok"
"Ames26786","H46","other_stiff stalk","stiff stalk","ok"
"Ames26787","H49","other_unclassified","unclassified","ok"
"Ames26788","H50","other_unclassified","unclassified","ok"
"Ames26789","H51","other_unclassified","unclassified","ok"
"Ames26791","H55","other_unclassified","unclassified","ok"
"Ames26793","H71","other_unclassified","unclassified","ok"
"Ames26794","H73","other_unclassified","unclassified","ok"
"Ames26795","H88","other_unclassified","unclassified","ok"
"Ames26796","H93","other_unclassified","unclassified","ok"
"Ames26797","H96","other_unclassified","unclassified","ok"
"Ames26798","H98","other_unclassified","unclassified","ok"
"Ames26800","H106w","other_unclassified","unclassified","ok"
"Ames26801","H108","other_non-stiff stalk","non-stiff stalk","ok"
"Ames26802","H109","other_non-stiff stalk","non-stiff stalk","ok"
"Ames26803","H113","other_unclassified","unclassified","ok"
"Ames26804","H121","other_unclassified","unclassified","ok"
"Ames26805","H122w","other_unclassified","unclassified","ok"
"Ames26806","H124w","other_unclassified","unclassified","ok"
"Ames26808","Ill.Hy","other_stiff stalk","stiff stalk","ok"
"Ames26909","Mo41","other_unclassified","unclassified","ok"
"Ames27018","CH711-10","other_unclassified","unclassified","ok"
"Ames27019","CH732-12","other_unclassified","unclassified","ok"
"Ames27020","CH741-6","other_unclassified","unclassified","ok"
"Ames27021","CH753-4","other_unclassified","unclassified","ok"
"Ames27024","CL17","other_unclassified","unclassified","ok"
"Ames27025","CL18","other_unclassified","unclassified","ok"
"Ames27026","CL19","other_unclassified","unclassified","ok"
"Ames27029","CL27","other_unclassified","unclassified","ok"
"Ames27031","CM99","other_unclassified","unclassified","ok"
"Ames27032","CM145","other_unclassified","unclassified","ok"
"Ames27034","CM155","other_unclassified","unclassified","ok"
"Ames27036","CM182","other_unclassified","unclassified","ok"
"Ames27037","CM234","other_unclassified","unclassified","ok"
"Ames27038","CMV3","other_unclassified","unclassified","ok"
"Ames27039","CO117","other_unclassified","unclassified","ok"
"Ames27040","CO120","other_unclassified","unclassified","ok"
"Ames27041","CO150","other_unclassified","unclassified","ok"
"Ames27042","CO158","other_unclassified","unclassified","ok"
"Ames27043","CO192","other_unclassified","unclassified","ok"
"Ames27044","CO216","other_unclassified","unclassified","ok"
"Ames27045","CO220","other_unclassified","unclassified","ok"
"Ames27046","CO236","other_unclassified","unclassified","ok"
"Ames27048","CO245","other_unclassified","unclassified","ok"
"Ames27049","CO252","other_unclassified","unclassified","ok"
"Ames27050","CO255","other_NA","unknown","ok"
"Ames27051","CO256","other_stiff stalk","stiff stalk","ok"
"Ames27052","CO257","other_stiff stalk","stiff stalk","ok"
"Ames27053","CO258","other_stiff stalk","stiff stalk","ok"
"Ames27057","CSJ3","other_unclassified","unclassified","ok"
"Ames27064","A441-5","other_unclassified","unclassified","ok"
"Ames27065","B73Htrhm","other_stiff stalk","stiff stalk","ok"
"Ames27066","B164","other_stiff stalk","stiff stalk","ok"
"Ames27067","C49A","other_unclassified","unclassified","ok"
"Ames27068","CH9","other_unclassified","unclassified","ok"
"Ames27069","CH701-30","other_unclassified","unclassified","ok"
"Ames27070","CM7","other_unclassified","unclassified","ok"
"Ames27081","CML 103","other_tropical","tropical","ok"
"Ames27082","CML 108","other_tropical","tropical","ok"
"Ames27083","CML 154Q","other_tropical","tropical","ok"
"Ames27087","CML 220","other_tropical","tropical","ok"
"Ames27096","CML 322","other_tropical","tropical","ok"
"Ames27097","CML 323","other_tropical","tropical","ok"
"Ames27098","CML 328","other_tropical","tropical","ok"
"Ames27101","CML 333","other_tropical","tropical","ok"
"Ames27104","CMV3","other_NA","unknown","ok"
"Ames27105","CO106","other_unclassified","unclassified","ok"
"Ames27106","CO125","other_unclassified","unclassified","ok"
"Ames27107","CO255","other_NA","unknown","ok"
"Ames27111","EP1","other_unclassified","unclassified","ok"
"Ames27112","F2834T","other_unclassified","unclassified","ok"
"Ames27114","H91","other_unclassified","unclassified","ok"
"Ames27116","I137TN","other_unclassified","unclassified","ok"
"Ames27121","K64","other_unclassified","unclassified","ok"
"Ames27122","K148","other_unclassified","unclassified","ok"
"Ames27123","Ki3","other_tropical","tropical","ok"
"Ames27130","Ky21","other_unclassified","unclassified","ok"
"Ames27132","L578","other_unclassified","unclassified","ok"
"Ames27133","M37W","other_unclassified","unclassified","ok"
"Ames27135","MEF156-55-2","other_unclassified","unclassified","ok"
"Ames27136","Mo.G","other_unclassified","unclassified","ok"
"Ames27137","N6","other_unclassified","unclassified","ok"
"Ames27138","N28Ht","other_stiff stalk","stiff stalk","ok"
"Ames27140","NC260","other_non-stiff stalk","non-stiff stalk","ok"
"Ames27141","NC290A","other_unclassified","unclassified","ok"
"Ames27142","NC292","other_stiff stalk","stiff stalk","ok"
"Ames27143","NC294","other_unclassified","unclassified","ok"
"Ames27144","NC296","other_unclassified","unclassified","ok"
"Ames27146","NC300","other_unclassified","unclassified","ok"
"Ames27147","NC302","other_unclassified","unclassified","ok"
"Ames27148","NC304","other_unclassified","unclassified","ok"
"Ames27149","NC306","other_unclassified","unclassified","ok"
"Ames27150","NC308","other_unclassified","unclassified","ok"
"Ames27151","NC310","other_unclassified","unclassified","ok"
"Ames27152","NC312","other_unclassified","unclassified","ok"
"Ames27153","NC314","other_unclassified","unclassified","ok"
"Ames27154","NC316","other_unclassified","unclassified","ok"
"Ames27156","NC320","other_unclassified","unclassified","ok"
"Ames27158","NC324","other_unclassified","unclassified","ok"
"Ames27159","NC326","other_unclassified","unclassified","ok"
"Ames27160","NC328","other_stiff stalk","stiff stalk","ok"
"Ames27161","NC330","other_stiff stalk","stiff stalk","ok"
"Ames27162","NC332","other_unclassified","unclassified","ok"
"Ames27163","NC334","other_unclassified","unclassified","ok"
"Ames27166","NC340","other_unclassified","unclassified","ok"
"Ames27167","NC342","other_unclassified","unclassified","ok"
"Ames27168","NC344","other_unclassified","unclassified","ok"
"Ames27171","NC350","other_unclassified","unclassified","ok"
"Ames27174","NC356","other_unclassified","unclassified","ok"
"Ames27175","NC358","other_unclassified","unclassified","ok"
"Ames27177","NC362","other_unclassified","unclassified","ok"
"Ames27178","NC364","other_unclassified","unclassified","ok"
"Ames27180","NC368","other_unclassified","unclassified","ok"
"Ames27181","NC370","other_unclassified","unclassified","ok"
"Ames27182","NC372","other_unclassified","unclassified","ok"
"Ames27183","Oh43E","other_non-stiff stalk","non-stiff stalk","ok"
"Ames27184","Pa762","other_non-stiff stalk","non-stiff stalk","ok"
"Ames27185","Pa875","other_stiff stalk","stiff stalk","ok"
"Ames27187","R4","other_unclassified","unclassified","ok"
"Ames27190","T234","other_unclassified","unclassified","ok"
"Ames27191","U267Y","other_unclassified","unclassified","ok"
"Ames27192","Va14","other_unclassified","unclassified","ok"
"Ames27193","Va85","other_unclassified","unclassified","ok"
"Ames27194","W401","other_unclassified","unclassified","ok"
"Ames27196","Yu796_NS","other_unclassified","unclassified","ok"
"Ames27450","LH143 (Maintainer)","other_stiff stalk","stiff stalk","ok"
"Ames27451","A632.75 A1 A2 C1 R1-r B1 Pl1","other_stiff stalk","stiff stalk","ok"
"Ames28170","A619E","other_non-stiff stalk","non-stiff stalk","ok"
"Ames28185","CML 77","other_tropical","tropical","ok"
"Ames28290","C49","other_unclassified","unclassified","ok"
"Ames28291","Hi27 Goodman-Buckler","other_unclassified","unclassified","ok"
"Ames28360","Mo401","other_stiff stalk","stiff stalk","ok"
"Ames28361","Mo402","other_unclassified","unclassified","ok"
"Ames28362","Mo403","other_unclassified","unclassified","ok"
"Ames28365","CI 91B Goodman-Buckler","other_unclassified","unclassified","ok"
"Ames28366","N7A Goodman-Buckler","other_stiff stalk","stiff stalk","ok"
"Ames28367","CI 7 Goodman-Buckler","other_unclassified","unclassified","ok"
"Ames28411","NC258A","other_unclassified","unclassified","ok"
"Ames28412","NC262A","other_unclassified","unclassified","ok"
"Ames28413","NC262B","other_unclassified","unclassified","ok"
"Ames28414","NC266","other_unclassified","unclassified","ok"
"Ames28415","NC266B","other_unclassified","unclassified","ok"
"Ames28418","NC276","other_stiff stalk","stiff stalk","ok"
"Ames28419","NC278","other_stiff stalk","stiff stalk","ok"
"Ames28420","NC278A","other_unclassified","unclassified","ok"
"Ames28421","NC280","other_stiff stalk","stiff stalk","ok"
"Ames28422","NC282","other_stiff stalk","stiff stalk","ok"
"Ames28423","NC284","other_stiff stalk","stiff stalk","ok"
"Ames28424","NC286","other_non-stiff stalk","non-stiff stalk","ok"
"Ames28425","NC288","other_non-stiff stalk","non-stiff stalk","ok"
"Ames28426","NC290","other_non-stiff stalk","non-stiff stalk","ok"
"Ames28927","Mo27W","other_unclassified","unclassified","ok"
"Ames28928","Mo28W","other_unclassified","unclassified","ok"
"Ames28929","Mo29W","other_unclassified","unclassified","ok"
"Ames28930","Mo30W","other_unclassified","unclassified","ok"
"Ames28931","Mo31W","other_unclassified","unclassified","ok"
"Ames28932","Mo32W","other_unclassified","unclassified","ok"
"Ames28933","Mo33W","other_unclassified","unclassified","ok"
"Ames28934","Mo36","other_unclassified","unclassified","ok"
"Ames28935","Mo37","other_unclassified","unclassified","ok"
"Ames28936","Mo38","other_unclassified","unclassified","ok"
"Ames28937","Mo39","other_unclassified","unclassified","ok"
"Ames28938","Mo43","other_non-stiff stalk","non-stiff stalk","ok"
"Ames28939","Mo44","other_unclassified","unclassified","ok"
"Ames28940","Mo501W","other_unclassified","unclassified","ok"
"Ames28941","Mo502W","other_unclassified","unclassified","ok"
"Ames28942","Mo506W","other_unclassified","unclassified","ok"
"Ames28943","Mo508W","other_unclassified","unclassified","ok"
"Ames28944","Mo510W","other_unclassified","unclassified","ok"
"Ames28945","Mo511W","other_unclassified","unclassified","ok"
"Ames28946","Mo512AW","other_unclassified","unclassified","ok"
"Ames28947","Mo512BW","other_unclassified","unclassified","ok"
"Ames28948","CI 4A","other_unclassified","unclassified","ok"
"Ames28949","CI 12","other_unclassified","unclassified","ok"
"Ames28951","CI 42B","other_unclassified","unclassified","ok"
"Ames28952","CI 43","other_unclassified","unclassified","ok"
"Ames28953","CI 92","other_unclassified","unclassified","ok"
"Ames29394","1497-2","other_unclassified","unclassified","ok"
"Ames29451","GE 440","other_unclassified","unclassified","ok"
"Ames30531","MR14 (Longfellow Flint)","other_landraces","landraces","ok"
"Ames30533","MR19 (Santo Domingo)","other_landraces","landraces","ok"
"Ames30534","MR20 (Shoe Peg) S7","other_landraces","landraces","ok"
"Ames30855","CML 325","other_tropical","tropical","ok"
"Ames30856","CML 336","other_tropical","tropical","ok"
"Ames30857","CML 337","other_tropical","tropical","ok"
"Ames30862","NC44","other_unclassified","unclassified","ok"
"Ames30864","NC89","other_unclassified","unclassified","ok"
"Ames31534","CI90C Goodman-Buckler","other_unclassified","unclassified","ok"
"Ames31535","38-11 Goodman-Buckler","other_NA","unknown","ok"
"Ames31537","CI28A Goodman-Buckler","other_NA","unknown","ok"
"Ames32877","A641 Goodman-Buckler","other_NA","unknown","ok"
"Ames8399","W117HT","other_unclassified","unclassified","ok"
"CIze127","CI 127","other_unclassified","unclassified","ok"
"CIze21","CI 21E","other_unclassified","unclassified","ok"
"CIze23","CI 23","other_unclassified","unclassified","ok"
"CIze27","CI 27","other_unclassified","unclassified","ok"
"CIze28","CI 28A","other_unclassified","unclassified","ok"
"CIze29","CI 29B","other_unclassified","unclassified","ok"
"CIze317","CI 317B","other_unclassified","unclassified","ok"
"CIze38","CI 38B","other_unclassified","unclassified","ok"
"CIze40","CI 40A","other_unclassified","unclassified","ok"
"CIze42","CI 42A","other_unclassified","unclassified","ok"
"CIze44","CI 44","other_NA","unknown","ok"
"CIze45","CI45","other_unclassified","unclassified","ok"
"CIze49","CI 49A","other_unclassified","unclassified","ok"
"CIze64","CI 64","other_NA","unknown","ok"
"CIze81","CI 81B","other_unclassified","unclassified","ok"
"CIze82","CI 82A","other_unclassified","unclassified","ok"
"CIze83","CI 83A","other_unclassified","unclassified","ok"
"CIze85","CI 85B","other_unclassified","unclassified","ok"
"CIze86","CI 86B","other_unclassified","unclassified","ok"
"CIze88","CI 88A","other_unclassified","unclassified","ok"
"CIze89","CI 89B","other_unclassified","unclassified","ok"
"CIze90","CI90A","other_unclassified","unclassified","ok"
"CIze91","CI 91B","other_unclassified","unclassified","ok"
"NSL117226","R802A","other_unclassified","unclassified","ok"
"NSL174429","INB 101LFY/LFY (A632 X M16 S5)","other_unclassified","unclassified","ok"
"NSL197104","H116","other_non-stiff stalk","non-stiff stalk","ok"
"NSL197105","H117","other_unclassified","unclassified","ok"
"NSL197106","H118w","other_unclassified","unclassified","ok"
"NSL22628","K47","other_unclassified","unclassified","ok"
"NSL22629","Oh7B","other_NA","unknown","ok"
"NSL22630","K150","other_unclassified","unclassified","ok"
"NSL22631","K11","other_unclassified","unclassified","ok"
"NSL22632","K201","other_unclassified","unclassified","ok"
"NSL22633","KYS","other_unclassified","unclassified","ok"
"NSL22634","K155","other_unclassified","unclassified","ok"
"NSL22635","K41","other_unclassified","unclassified","ok"
"NSL22983","C102","other_non-stiff stalk","non-stiff stalk","ok"
"NSL22984","J47","other_unclassified","unclassified","ok"
"NSL242483","R105","other_unclassified","unclassified","ok"
"NSL243016","792","other_unclassified","unclassified","ok"
"NSL250299","MP307","other_unclassified","unclassified","ok"
"NSL28965","Oh33","other_non-stiff stalk","non-stiff stalk","ok"
"NSL28966","Oh40B","other_non-stiff stalk","non-stiff stalk","ok"
"NSL28967","Oh56A","other_unclassified","unclassified","ok"
"NSL28968","Oh84","other_unclassified","unclassified","ok"
"NSL29282","R901","other_unclassified","unclassified","ok"
"NSL29284","R902A","other_unclassified","unclassified","ok"
"NSL29285","R903B","other_unclassified","unclassified","ok"
"NSL29287","R941","other_unclassified","unclassified","ok"
"NSL29303","R216","other_unclassified","unclassified","ok"
"NSL29304","R216A","other_unclassified","unclassified","ok"
"NSL29305","R218","other_unclassified","unclassified","ok"
"NSL29314","R219","other_unclassified","unclassified","ok"
"NSL29316","R220","other_unclassified","unclassified","ok"
"NSL29317","R221","other_unclassified","unclassified","ok"
"NSL29319","R222","other_unclassified","unclassified","ok"
"NSL29898","R222A","other_unclassified","unclassified","ok"
"NSL30046","B41","other_unclassified","unclassified","ok"
"NSL30053","W22","other_non-stiff stalk","non-stiff stalk","ok"
"NSL30055","W374R2","other_unclassified","unclassified","ok"
"NSL30056","W703","other_non-stiff stalk","non-stiff stalk","ok"
"NSL30058","W64A","other_NA","unknown","ok"
"NSL30059","W153R","other_NA","unknown","ok"
"NSL30060","W23","other_stiff stalk","stiff stalk","ok"
"NSL30062","W182B","other_NA","unknown","ok"
"NSL30063","W182D","other_unclassified","unclassified","ok"
"NSL30064","W24","other_unclassified","unclassified","ok"
"NSL30065","W9","other_unclassified","unclassified","ok"
"NSL30066","WR3","other_unclassified","unclassified","ok"
"NSL30067","W22R","other_non-stiff stalk","non-stiff stalk","ok"
"NSL30068","W374B","other_unclassified","unclassified","ok"
"NSL30070","WM13R","other_unclassified","unclassified","ok"
"NSL30071","W32","other_unclassified","unclassified","ok"
"NSL30073","W37A","other_unclassified","unclassified","ok"
"NSL30074","W182E","other_unclassified","unclassified","ok"
"NSL30835","SD10","other_unclassified","unclassified","ok"
"NSL30861","A","other_unclassified","unclassified","ok"
"NSL30862","K","other_unclassified","unclassified","ok"
"NSL30863","L","other_unclassified","unclassified","ok"
"NSL30864","HY2","other_stiff stalk","stiff stalk","ok"
"NSL30865","R2","other_unclassified","unclassified","ok"
"NSL30866","R004","other_unclassified","unclassified","ok"
"NSL30867","M14","other_unclassified","unclassified","ok"
"NSL30868","R30","other_unclassified","unclassified","ok"
"NSL30869","R53","other_unclassified","unclassified","ok"
"NSL30871","R061","other_unclassified","unclassified","ok"
"NSL30872","R71","other_unclassified","unclassified","ok"
"NSL30873","R74","other_unclassified","unclassified","ok"
"NSL30874","R75","other_unclassified","unclassified","ok"
"NSL30875","R76","other_unclassified","unclassified","ok"
"NSL30876","R78","other_unclassified","unclassified","ok"
"NSL30877","R84","other_unclassified","unclassified","ok"
"NSL30878","R101","other_unclassified","unclassified","ok"
"NSL30879","R103","other_unclassified","unclassified","ok"
"NSL30880","R105","other_NA","unknown","ok"
"NSL30883","R113","other_unclassified","unclassified","ok"
"NSL30884","R134","other_unclassified","unclassified","ok"
"NSL30885","R138","other_unclassified","unclassified","ok"
"NSL30888","R154","other_unclassified","unclassified","ok"
"NSL30890","R159","other_unclassified","unclassified","ok"
"NSL30891","R168","other_NA","unknown","ok"
"NSL30894","R177","other_unclassified","unclassified","ok"
"NSL30895","R181","other_unclassified","unclassified","ok"
"NSL30896","R181B","other_unclassified","unclassified","ok"
"NSL30898","R192","other_unclassified","unclassified","ok"
"NSL30901","R196","other_unclassified","unclassified","ok"
"NSL30902","R197","other_unclassified","unclassified","ok"
"NSL30903","90","other_unclassified","unclassified","ok"
"NSL30904","4226","other_unclassified","unclassified","ok"
"NSL30905","5120B","other_unclassified","unclassified","ok"
"NSL30906","R904A","other_unclassified","unclassified","ok"
"NSL30907","R906","other_unclassified","unclassified","ok"
"NSL30908","R907","other_unclassified","unclassified","ok"
"NSL30909","R909","other_unclassified","unclassified","ok"
"NSL30910","R914","other_unclassified","unclassified","ok"
"NSL30911","R917A","other_unclassified","unclassified","ok"
"NSL30912","R921E","other_unclassified","unclassified","ok"
"NSL30913","R924","other_unclassified","unclassified","ok"
"NSL32720","ND33","other_unclassified","unclassified","ok"
"NSL32721","ND36","other_unclassified","unclassified","ok"
"NSL32722","ND255","other_unclassified","unclassified","ok"
"NSL32723","ND1","other_unclassified","unclassified","ok"
"NSL32725","ND211","other_unclassified","unclassified","ok"
"NSL32726","ND167","other_unclassified","unclassified","ok"
"NSL32727","ND-B8","other_unclassified","unclassified","ok"
"NSL32728","ND230","other_unclassified","unclassified","ok"
"NSL32730","ND405","other_unclassified","unclassified","ok"
"NSL32731","ND385","other_unclassified","unclassified","ok"
"NSL32732","ND203","other_unclassified","unclassified","ok"
"NSL32733","ND376","other_unclassified","unclassified","ok"
"NSL32734","ND408","other_unclassified","unclassified","ok"
"NSL32736","ND480","other_unclassified","unclassified","ok"
"NSL32738","ND283","other_unclassified","unclassified","ok"
"NSL32739","ND474","other_unclassified","unclassified","ok"
"NSL34374","SD15","other_unclassified","unclassified","ok"
"NSL42804","R223","other_unclassified","unclassified","ok"
"NSL42872","A7","other_non-stiff stalk","non-stiff stalk","ok"
"NSL42873","A12","other_unclassified","unclassified","ok"
"NSL42874","C 14","other_unclassified","unclassified","ok"
"NSL42875","A71","other_unclassified","unclassified","ok"
"NSL42877","A165","other_non-stiff stalk","non-stiff stalk","ok"
"NSL42878","A171","other_unclassified","unclassified","ok"
"NSL43597","Tx441","other_unclassified","unclassified","ok"
"NSL437871","AusTRCF 305795","other_unclassified","unclassified","ok"
"NSL437877","AusTRCF 305801","other_unclassified","unclassified","ok"
"NSL437878","AusTRCF 305802","other_unclassified","unclassified","ok"
"NSL437879","AusTRCF 305803","other_unclassified","unclassified","ok"
"NSL437890","AusTRCF 305816","other_unclassified","unclassified","ok"
"NSL437891","AusTRCF 305817","other_unclassified","unclassified","ok"
"NSL437893","AusTRCF 305819","other_unclassified","unclassified","ok"
"NSL437895","AusTRCF 305821","other_unclassified","unclassified","ok"
"NSL437896","AusTRCF 305822","other_unclassified","unclassified","ok"
"NSL437897","AusTRCF 305823","other_unclassified","unclassified","ok"
"NSL437903","AusTRCF 305829","other_unclassified","unclassified","ok"
"NSL437905","AusTRCF 305831","other_unclassified","unclassified","ok"
"NSL437907","AusTRCF 305833","other_unclassified","unclassified","ok"
"NSL437908","AusTRCF 305834","other_unclassified","unclassified","ok"
"NSL437909","AusTRCF 305835","other_unclassified","unclassified","ok"
"NSL437910","AusTRCF 305836","other_unclassified","unclassified","ok"
"NSL437913","AusTRCF 305839","other_unclassified","unclassified","ok"
"NSL437914","AusTRCF 305840","other_unclassified","unclassified","ok"
"NSL437915","AusTRCF 305841","other_unclassified","unclassified","ok"
"NSL437920","AusTRCF 305846","other_unclassified","unclassified","ok"
"NSL437923","AusTRCF 305849","other_unclassified","unclassified","ok"
"NSL437925","AusTRCF 306065","other_unclassified","unclassified","ok"
"NSL437928","AusTRCF 306068","other_unclassified","unclassified","ok"
"NSL437929","AusTRCF 306234","other_unclassified","unclassified","ok"
"NSL437930","AusTRCF 306235","other_unclassified","unclassified","ok"
"NSL437931","AusTRCF 306236","other_unclassified","unclassified","ok"
"NSL437933","AusTRCF 306238","other_unclassified","unclassified","ok"
"NSL437934","AusTRCF 306239","other_unclassified","unclassified","ok"
"NSL437935","AusTRCF 306240","other_unclassified","unclassified","ok"
"NSL437936","AusTRCF 306241","other_unclassified","unclassified","ok"
"NSL437937","AusTRCF 306242","other_unclassified","unclassified","ok"
"NSL437939","AusTRCF 306244","other_unclassified","unclassified","ok"
"NSL437940","AusTRCF 306245","other_unclassified","unclassified","ok"
"NSL437946","AusTRCF 306257","other_unclassified","unclassified","ok"
"NSL437947","AusTRCF 306258","other_unclassified","unclassified","ok"
"NSL437952","AusTRCF 306264","other_unclassified","unclassified","ok"
"NSL437956","AusTRCF 306269","other_unclassified","unclassified","ok"
"NSL437959","AusTRCF 306273","other_unclassified","unclassified","ok"
"NSL437960","AusTRCF 306274","other_unclassified","unclassified","ok"
"NSL437962","AusTRCF 306276","other_unclassified","unclassified","ok"
"NSL437964","AusTRCF 306278","other_unclassified","unclassified","ok"
"NSL437966","AusTRCF 306280","other_unclassified","unclassified","ok"
"NSL437968","AusTRCF 306282","other_unclassified","unclassified","ok"
"NSL437971","AusTRCF 306285","other_unclassified","unclassified","ok"
"NSL437973","AusTRCF 306287","other_unclassified","unclassified","ok"
"NSL437976","AusTRCF 306290","other_unclassified","unclassified","ok"
"NSL437979","AusTRCF 306293","other_unclassified","unclassified","ok"
"NSL437980","AusTRCF 306294","other_unclassified","unclassified","ok"
"NSL437981","AusTRCF 306295","other_unclassified","unclassified","ok"
"NSL437982","AusTRCF 306296","other_unclassified","unclassified","ok"
"NSL437983","AusTRCF 306297","other_unclassified","unclassified","ok"
"NSL437987","AusTRCF 306301","other_unclassified","unclassified","ok"
"NSL437988","AusTRCF 306302","other_unclassified","unclassified","ok"
"NSL437989","AusTRCF 306303","other_unclassified","unclassified","ok"
"NSL437990","AusTRCF 306304","other_unclassified","unclassified","ok"
"NSL437992","AusTRCF 306306","other_unclassified","unclassified","ok"
"NSL437993","AusTRCF 306307","other_unclassified","unclassified","ok"
"NSL437994","AusTRCF 306308","other_unclassified","unclassified","ok"
"NSL437995","AusTRCF 306309","other_unclassified","unclassified","ok"
"NSL437996","AusTRCF 306310","other_unclassified","unclassified","ok"
"NSL437998","AusTRCF 306312","other_unclassified","unclassified","ok"
"NSL438002","AusTRCF 306316","other_unclassified","unclassified","ok"
"NSL438005","AusTRCF 306319","other_unclassified","unclassified","ok"
"NSL438007","AusTRCF 306321","other_unclassified","unclassified","ok"
"NSL438008","AusTRCF 306322","other_unclassified","unclassified","ok"
"NSL438009","AusTRCF 306323","other_unclassified","unclassified","ok"
"NSL438010","AusTRCF 306324","other_unclassified","unclassified","ok"
"NSL438019","AusTRCF 306333","other_unclassified","unclassified","ok"
"NSL438021","AusTRCF 306335","other_unclassified","unclassified","ok"
"NSL438022","AusTRCF 306336","other_unclassified","unclassified","ok"
"NSL438023","AusTRCF 306337","other_unclassified","unclassified","ok"
"NSL438029","AusTRCF 306343","other_unclassified","unclassified","ok"
"NSL438030","AusTRCF 306344","other_unclassified","unclassified","ok"
"NSL438031","AusTRCF 306345","other_unclassified","unclassified","ok"
"NSL438032","AusTRCF 306346","other_unclassified","unclassified","ok"
"NSL438033","AusTRCF 306347","other_unclassified","unclassified","ok"
"NSL438034","AusTRCF 306348","other_unclassified","unclassified","ok"
"NSL438036","AusTRCF 306350","other_unclassified","unclassified","ok"
"NSL438037","AusTRCF 306351","other_unclassified","unclassified","ok"
"NSL438038","AusTRCF 306352","other_unclassified","unclassified","ok"
"NSL438039","AusTRCF 306353","other_unclassified","unclassified","ok"
"NSL438040","AusTRCF 306354","other_unclassified","unclassified","ok"
"NSL438042","AusTRCF 306356","other_unclassified","unclassified","ok"
"NSL438043","AusTRCF 306357","other_unclassified","unclassified","ok"
"NSL52605","Oh7K","other_unclassified","unclassified","ok"
"NSL53086","SC 212M","other_unclassified","unclassified","ok"
"NSL53094","SC 357","other_unclassified","unclassified","ok"
"NSL53095","SC 359","other_NA","unknown","ok"
"NSL65863","B7","other_unclassified","unclassified","ok"
"NSL65864","B8","other_unclassified","unclassified","ok"
"NSL65866","B14","other_stiff stalk","stiff stalk","ok"
"NSL65868","B21","other_unclassified","unclassified","ok"
"NSL65869","B38","other_unclassified","unclassified","ok"
"NSL65871","I 205","other_unclassified","unclassified","ok"
"NSL65872","L 289","other_non-stiff stalk","non-stiff stalk","ok"
"NSL65873","L317","other_unclassified","unclassified","ok"
"NSL65874","Os420","other_stiff stalk","stiff stalk","ok"
"NSL68211","Oh422","other_unclassified","unclassified","ok"
"NSL68242","SC 212M","other_NA","unknown","ok"
"NSL68252","SC 357","other_NA","unknown","ok"
"NSL81595","A238","other_unclassified","unclassified","ok"
"NSL81596","A258","other_unclassified","unclassified","ok"
"NSL81597","A648","other_unclassified","unclassified","ok"
"NSL81598","A657","other_stiff stalk","stiff stalk","ok"
"NSL81599","A659","other_unclassified","unclassified","ok"
"NSL81600","A660","other_unclassified","unclassified","ok"
"PI186182","INBRED 378","other_unclassified","unclassified","ok"
"PI186183","INBRED 379","other_unclassified","unclassified","ok"
"PI186184","INBRED 381","other_unclassified","unclassified","ok"
"PI186193","INBRED A-243-1","other_unclassified","unclassified","ok"
"PI186196","INBRED 109","other_unclassified","unclassified","ok"
"PI186197","INBRED 100","other_unclassified","unclassified","ok"
"PI186199","INBRED 141","other_unclassified","unclassified","ok"
"PI186215","INBRED 2-687","other_unclassified","unclassified","ok"
"PI186217","INBRED 19-86","other_unclassified","unclassified","ok"
"PI186218","INBRED 34-1141","other_unclassified","unclassified","ok"
"PI186219","INBRED 34-1181","other_unclassified","unclassified","ok"
"PI186221","INBRED 39-1084","other_unclassified","unclassified","ok"
"PI186223","INBRED 41-1781","other_unclassified","unclassified","ok"
"PI186224","INBRED 42-492","other_unclassified","unclassified","ok"
"PI186226","INBRED 305","other_unclassified","unclassified","ok"
"PI186227","INBRED 309","other_unclassified","unclassified","ok"
"PI186229","INBRED 321","other_unclassified","unclassified","ok"
"PI198889","4F-182 BS 11","other_unclassified","unclassified","ok"
"PI198892","4F-234 BX 4","other_unclassified","unclassified","ok"
"PI198893","4F-240 BX 16","other_unclassified","unclassified","ok"
"PI198894","4F-259 HQ","other_unclassified","unclassified","ok"
"PI198895","4F-285 TX 15","other_unclassified","unclassified","ok"
"PI198896","4F-300 AD 3","other_unclassified","unclassified","ok"
"PI198901","4F-342 CM 4","other_unclassified","unclassified","ok"
"PI198902","4F-345 CN 12","other_unclassified","unclassified","ok"
"PI198906","4F-403 JV 15","other_unclassified","unclassified","ok"
"PI200179","NY 3 (Neveh Yaar)","other_unclassified","unclassified","ok"
"PI200181","NY 65 (Neveh Yaar)","other_unclassified","unclassified","ok"
"PI200182","NY 159 (Neveh Yaar)","other_unclassified","unclassified","ok"
"PI200184","NY 166 (Neveh Yaar)","other_unclassified","unclassified","ok"
"PI200185","NY 188 (Neveh Yaar)","other_unclassified","unclassified","ok"
"PI200187","NY 318 (Nevey Yaar)","other_unclassified","unclassified","ok"
"PI200188","NY 364 (Neveh Yaar)","other_unclassified","unclassified","ok"
"PI200191","NY 476 (Neveh Yaar)","other_unclassified","unclassified","ok"
"PI200194","NY 971 (Neveh Yaar)","other_unclassified","unclassified","ok"
"PI200195","NY 992 (Neveh Yaar)","other_unclassified","unclassified","ok"
"PI221733","A13-2 INBRED (POTCHEFSTROOM PEARL)","other_unclassified","unclassified","ok"
"PI221734","A14 INBRED (POTCHEFSTROOM PEARL)","other_unclassified","unclassified","ok"
"PI221735","A15-1 INBRED (POTCHEFSTROOM PEARL)","other_unclassified","unclassified","ok"
"PI221736","A16-3-2 INBRED (POTCHEFSTROOM PEARL)","other_unclassified","unclassified","ok"
"PI221737","A17-1-1 INBRED (POTCHEFSTROOM PEARL)","other_unclassified","unclassified","ok"
"PI221739","A21-4-1 INBRED (HICKORY KING)","other_unclassified","unclassified","ok"
"PI221743","N72-3-1-1 INBRED","other_unclassified","unclassified","ok"
"PI221747","E205-1-1-1 INBRED (S5 SYN. ANVELD)","other_unclassified","unclassified","ok"
"PI221750","E292-1-1-1 INB(S5 SYN ANVELD X MINN.706)","other_unclassified","unclassified","ok"
"PI221773","A415-1-3 INBRED","other_unclassified","unclassified","ok"
"PI221775","A436-1 INBRED","other_unclassified","unclassified","ok"
"PI221788","E680-2-1-3(S5) INBRED","other_unclassified","unclassified","ok"
"PI221789","E683-1-2-1(S5) INBRED","other_unclassified","unclassified","ok"
"PI221794","E697-1-1-1(S5) INBRED","other_unclassified","unclassified","ok"
"PI221805","A243-1-2(S10) INBRED (PERUVIAN)","other_unclassified","unclassified","ok"
"PI221820","C410-1(F11) INBRED (HOTNOT CROSSES)","other_unclassified","unclassified","ok"
"PI221821","E680-3-1-1(S6) INBRED","other_unclassified","unclassified","ok"
"PI236997","Inbred 6-907","other_unclassified","unclassified","ok"
"PI257506","F2","other_unclassified","unclassified","ok"
"PI257507","F7","other_unclassified","unclassified","ok"
"PI257508","F10","other_unclassified","unclassified","ok"
"PI257513","F115","other_unclassified","unclassified","ok"
"PI257514","FV181","other_unclassified","unclassified","ok"
"PI257516","F39","other_unclassified","unclassified","ok"
"PI257517","FC46","other_unclassified","unclassified","ok"
"PI267166","2 KM 368 INBRED","other_unclassified","unclassified","ok"
"PI267167","T8144 INBRED","other_unclassified","unclassified","ok"
"PI267168","T8146 INBRED","other_unclassified","unclassified","ok"
"PI267169","T8302 INBRED","other_unclassified","unclassified","ok"
"PI267170","T8354 INBRED","other_unclassified","unclassified","ok"
"PI267171","T8445 INBRED","other_unclassified","unclassified","ok"
"PI270297","B96","other_unclassified","unclassified","ok"
"PI303924","NO. 380","other_unclassified","unclassified","ok"
"PI303925","NO. 1004 INBRED","other_unclassified","unclassified","ok"
"PI303926","NO. 1019 INBRED","other_unclassified","unclassified","ok"
"PI303927","NO. 1026 INBRED","other_unclassified","unclassified","ok"
"PI303928","NO. 1032 INBRED","other_unclassified","unclassified","ok"
"PI303929","NO. 1037 INBRED","other_unclassified","unclassified","ok"
"PI303930","NO. 1049 INBRED","other_unclassified","unclassified","ok"
"PI303932","NO. 1068 INBRED","other_unclassified","unclassified","ok"
"PI303933","NO. 1070 INBRED","other_unclassified","unclassified","ok"
"PI303937","NO. 1175 INBRED","other_unclassified","unclassified","ok"
"PI303938","NO. 1185 INBRED","other_unclassified","unclassified","ok"
"PI303939","NO. 1197 INBRED","other_unclassified","unclassified","ok"
"PI303940","NO. 1201 INBRED","other_unclassified","unclassified","ok"
"PI303941","NO. 1266 INBRED","other_unclassified","unclassified","ok"
"PI303943","TN 53-1-2","other_unclassified","unclassified","ok"
"PI340812","NY 121 (Neveh Yaar)","other_unclassified","unclassified","ok"
"PI340813","NY 123 (Neveh Yaar)","other_unclassified","unclassified","ok"
"PI340817","G3 T5","other_unclassified","unclassified","ok"
"PI340818","G3 T5a","other_unclassified","unclassified","ok"
"PI340819","T9","other_unclassified","unclassified","ok"
"PI340821","G22 T122","other_unclassified","unclassified","ok"
"PI340822","G6 T123","other_unclassified","unclassified","ok"
"PI340823","G14 T133","other_unclassified","unclassified","ok"
"PI340824","G15 T134","other_unclassified","unclassified","ok"
"PI340825","G15 T134a","other_unclassified","unclassified","ok"
"PI340826","T140","other_unclassified","unclassified","ok"
"PI340827","T141","other_unclassified","unclassified","ok"
"PI340829","T146","other_unclassified","unclassified","ok"
"PI340830","T242","other_unclassified","unclassified","ok"
"PI343953","PLS 61/10870 subline-1","other_unclassified","unclassified","ok"
"PI369437","80-2","other_unclassified","unclassified","ok"
"PI369438","K 10","other_unclassified","unclassified","ok"
"PI369439","S 14","other_unclassified","unclassified","ok"
"PI369442","S 48","other_unclassified","unclassified","ok"
"PI369443","S 61","other_unclassified","unclassified","ok"
"PI369446","U 123","other_unclassified","unclassified","ok"
"PI391414","PH 9","other_unclassified","unclassified","ok"
"PI391660","CHI-41","other_unclassified","unclassified","ok"
"PI391662","KUNG-70","other_unclassified","unclassified","ok"
"PI391663","T IEH 84","other_unclassified","unclassified","ok"
"PI391665","YING-55","other_unclassified","unclassified","ok"
"PI391666","YING-64","other_unclassified","unclassified","ok"
"PI391667","CHI-503","other_unclassified","unclassified","ok"
"PI391670","NIU 11","other_unclassified","unclassified","ok"
"PI391672","YANG","other_unclassified","unclassified","ok"
"PI391676","TUO 229","other_unclassified","unclassified","ok"
"PI391678","TZU-CHIAO-HSI-WU 105","other_unclassified","unclassified","ok"
"PI391680","WU-TAN-TZAO","other_unclassified","unclassified","ok"
"PI391682","YE-CHI-HUNG","other_unclassified","unclassified","ok"
"PI405705","CHAN 11 INBRED","other_unclassified","unclassified","ok"
"PI405707","HUA 94 INBRED","other_unclassified","unclassified","ok"
"PI405709","TANG CHAO INBRED","other_unclassified","unclassified","ok"
"PI405711","BAI TOU SHUANG IN.(JI 095","other_unclassified","unclassified","ok"
"PI405712","DA BA TANG INB. (JI 0241)","other_unclassified","unclassified","ok"
"PI405713","DA JIN DING (JI 0018)","other_unclassified","unclassified","ok"
"PI405714","HUO BAO MI (JI 0235)","other_unclassified","unclassified","ok"
"PI406106","A14NW","other_unclassified","unclassified","ok"
"PI406107","A57N","other_unclassified","unclassified","ok"
"PI406108","A98NW","other_unclassified","unclassified","ok"
"PI406109","A166N","other_unclassified","unclassified","ok"
"PI406110","A178N","other_unclassified","unclassified","ok"
"PI406113","A266N","other_unclassified","unclassified","ok"
"PI406115","A328NW","other_unclassified","unclassified","ok"
"PI406122","A564N","other_unclassified","unclassified","ok"
"PI406123","A579N","other_unclassified","unclassified","ok"
"PI406124","A622N","other_unclassified","unclassified","ok"
"PI406125","A641N","other_stiff stalk","stiff stalk","ok"
"PI406126","A661N","other_unclassified","unclassified","ok"
"PI406128","A691N","other_unclassified","unclassified","ok"
"PI415078","4533. INBRED","other_unclassified","unclassified","ok"
"PI415079","4537. INBRED","other_unclassified","unclassified","ok"
"PI415080","4550. INBRED","other_unclassified","unclassified","ok"
"PI415081","4554. INBRED","other_unclassified","unclassified","ok"
"PI415082","4554 INBRED","other_unclassified","unclassified","ok"
"PI415083","4562 INBRED","other_unclassified","unclassified","ok"
"PI415084","4564 INBRED","other_unclassified","unclassified","ok"
"PI415085","4566 INBRED","other_unclassified","unclassified","ok"
"PI415086","4578 INBRED","other_unclassified","unclassified","ok"
"PI415087","4580 INBRED","other_unclassified","unclassified","ok"
"PI415088","4581 INBRED","other_unclassified","unclassified","ok"
"PI415089","4655 INBRED","other_unclassified","unclassified","ok"
"PI415090","4659 INBRED","other_unclassified","unclassified","ok"
"PI415091","4664 INBRED","other_unclassified","unclassified","ok"
"PI427109","Eng-li Chih","other_unclassified","unclassified","ok"
"PI427111","Chi-tan 120","other_unclassified","unclassified","ok"
"PI433485","Prior A","other_unclassified","unclassified","ok"
"PI433486","Prior B","other_unclassified","unclassified","ok"
"PI433487","Prior C","other_unclassified","unclassified","ok"
"PI459078","Honan no. 7","other_unclassified","unclassified","ok"
"PI459080","Hwang no. 525","other_unclassified","unclassified","ok"
"PI459082","Shansi no. 60","other_unclassified","unclassified","ok"
"PI506254","Tzi 24","other_tropical","tropical","ok"
"PI506255","Tzi 25","other_tropical","tropical","ok"
"PI508277","SD42","other_unclassified","unclassified","ok"
"PI509542","B89","other_stiff stalk","stiff stalk","ok"
"PI510674","ND261","other_unclassified","unclassified","ok"
"PI511309","NC252","other_stiff stalk","stiff stalk","ok"
"PI511310","NC254","other_stiff stalk","stiff stalk","ok"
"PI511313","GT113","other_unclassified","unclassified","ok"
"PI517968","Pa392","other_non-stiff stalk","non-stiff stalk","ok"
"PI517971","Pa468","other_unclassified","unclassified","ok"
"PI517972","Pa877","other_stiff stalk","stiff stalk","ok"
"PI517973","Pa879","other_stiff stalk","stiff stalk","ok"
"PI517974","Pa880","other_unclassified","unclassified","ok"
"PI518660","SD43","other_unclassified","unclassified","ok"
"PI520770","W552","other_unclassified","unclassified","ok"
"PI520771","W570","other_unclassified","unclassified","ok"
"PI520772","W572","other_unclassified","unclassified","ok"
"PI520774","NC264","other_non-stiff stalk","non-stiff stalk","ok"
"PI522250","ND262","other_unclassified","unclassified","ok"
"PI522252","ND264","other_unclassified","unclassified","ok"
"PI524969","SD44","other_unclassified","unclassified","ok"
"PI524970","SD46","other_unclassified","unclassified","ok"
"PI527699","B90","other_non-stiff stalk","non-stiff stalk","ok"
"PI527700","B91","other_non-stiff stalk","non-stiff stalk","ok"
"PI531081","Pa356","other_non-stiff stalk","non-stiff stalk","ok"
"PI531083","Pa891","other_non-stiff stalk","non-stiff stalk","ok"
"PI531084","NC258","other_unclassified","unclassified","ok"
"PI531085","NC262","other_unclassified","unclassified","ok"
"PI531509","R225","other_unclassified","unclassified","ok"
"PI531510","R226","other_unclassified","unclassified","ok"
"PI531511","R227","other_unclassified","unclassified","ok"
"PI533658","SD101","other_unclassified","unclassified","ok"
"PI533659","SD102","other_unclassified","unclassified","ok"
"PI535901","S 3","other_unclassified","unclassified","ok"
"PI535906","S 56","other_unclassified","unclassified","ok"
"PI535913","S 17","other_unclassified","unclassified","ok"
"PI535914","S 22","other_unclassified","unclassified","ok"
"PI535916","S 37","other_unclassified","unclassified","ok"
"PI535917","S 51","other_unclassified","unclassified","ok"
"PI535919","S 59A","other_unclassified","unclassified","ok"
"PI535920","S 63","other_unclassified","unclassified","ok"
"PI535921","S 65","other_unclassified","unclassified","ok"
"PI535923","S 90","other_unclassified","unclassified","ok"
"PI535924","S 97","other_unclassified","unclassified","ok"
"PI535925","S 99","other_unclassified","unclassified","ok"
"PI535926","S 117","other_unclassified","unclassified","ok"
"PI535927","S 125","other_unclassified","unclassified","ok"
"PI537097","LH195","other_stiff stalk","stiff stalk","ok"
"PI537099","LH205","other_stiff stalk","stiff stalk","ok"
"PI538007","LH127","other_non-stiff stalk","non-stiff stalk","ok"
"PI538008","LH163","other_unclassified","unclassified","ok"
"PI538009","LH196","other_stiff stalk","stiff stalk","ok"
"PI538010","LH206","other_unclassified","unclassified","ok"
"PI538011","LH220Ht","other_stiff stalk","stiff stalk","ok"
"PI538229","SD53","other_unclassified","unclassified","ok"
"PI538231","SD59","other_unclassified","unclassified","ok"
"PI538235","SD57","other_unclassified","unclassified","ok"
"PI538237","SD63","other_unclassified","unclassified","ok"
"PI538238","SD65","other_unclassified","unclassified","ok"
"PI538239","SD69","other_unclassified","unclassified","ok"
"PI538242","SD106","other_unclassified","unclassified","ok"
"PI538244","SD108","other_unclassified","unclassified","ok"
"PI539870","B92","other_non-stiff stalk","non-stiff stalk","ok"
"PI539871","B93","other_non-stiff stalk","non-stiff stalk","ok"
"PI539872","B94","other_stiff stalk","stiff stalk","ok"
"PI539920","LH160","other_unclassified","unclassified","ok"
"PI539921","LH162","other_unclassified","unclassified","ok"
"PI539922","LH190","other_stiff stalk","stiff stalk","ok"
"PI539923","LH194","other_stiff stalk","stiff stalk","ok"
"PI539924","LH202","other_stiff stalk","stiff stalk","ok"
"PI539925","LH191","other_unclassified","unclassified","ok"
"PI539926","LH192","other_stiff stalk","stiff stalk","ok"
"PI539927","LH193","other_stiff stalk","stiff stalk","ok"
"PI539930","RS 710","other_unclassified","unclassified","ok"
"PI542937","Ab18","other_NA","unknown","ok"
"PI542938","Ab610","other_unclassified","unclassified","ok"
"PI542953","T264","other_unclassified","unclassified","ok"
"PI542955","Va4","other_unclassified","unclassified","ok"
"PI542957","Va6","other_unclassified","unclassified","ok"
"PI542959","Va33","other_unclassified","unclassified","ok"
"PI543840","PHJ65","other_unclassified","unclassified","ok"
"PI543843","PHN34","other_unclassified","unclassified","ok"
"PI543846","PHP76","other_unclassified","unclassified","ok"
"PI543847","PHV07","other_unclassified","unclassified","ok"
"PI543849","PHW51","other_unclassified","unclassified","ok"
"PI543850","PHW86","other_unclassified","unclassified","ok"
"PI544065","BCC03","other_unclassified","unclassified","ok"
"PI546482","FBLA","other_unclassified","unclassified","ok"
"PI546483","6F629","other_unclassified","unclassified","ok"
"PI546484","6M502A","other_unclassified","unclassified","ok"
"PI546485","NL001","other_unclassified","unclassified","ok"
"PI546494","ND265","other_unclassified","unclassified","ok"
"PI547086","LH128","other_non-stiff stalk","non-stiff stalk","ok"
"PI547087","LH181","other_unclassified","unclassified","ok"
"PI547088","LH208","other_stiff stalk","stiff stalk","ok"
"PI547089","LH212Ht","other_unclassified","unclassified","ok"
"PI547090","LH213","other_non-stiff stalk","non-stiff stalk","ok"
"PI547107","Lp215D","other_unclassified","unclassified","ok"
"PI548783","T171","other_unclassified","unclassified","ok"
"PI548794","ND266","other_unclassified","unclassified","ok"
"PI548798","PHJ89","other_unclassified","unclassified","ok"
"PI548799","PHJ90","other_unclassified","unclassified","ok"
"PI548800","PHK93","other_unclassified","unclassified","ok"
"PI548801","PHM81","other_unclassified","unclassified","ok"
"PI548802","PHN66","other_stiff stalk","stiff stalk","ok"
"PI548804","PHR55","other_non-stiff stalk","non-stiff stalk","ok"
"PI548805","PHR58","other_non-stiff stalk","non-stiff stalk","ok"
"PI548808","PHW30","other_unclassified","unclassified","ok"
"PI548830","29MIBZ2","other_unclassified","unclassified","ok"
"PI548839","MBUB","other_unclassified","unclassified","ok"
"PI550440","B64","other_unclassified","unclassified","ok"
"PI550442","Mo20W","other_non-stiff stalk","non-stiff stalk","ok"
"PI550443","B49","other_unclassified","unclassified","ok"
"PI550454","B52","other_unclassified","unclassified","ok"
"PI550455","B67","other_stiff stalk","stiff stalk","ok"
"PI550456","B69","other_unclassified","unclassified","ok"
"PI550461","B14A","other_stiff stalk","stiff stalk","ok"
"PI550462","B59","other_stiff stalk","stiff stalk","ok"
"PI550463","B65","other_stiff stalk","stiff stalk","ok"
"PI550464","B66","other_non-stiff stalk","non-stiff stalk","ok"
"PI550465","B68","other_stiff stalk","stiff stalk","ok"
"PI550467","B37","other_stiff stalk","stiff stalk","ok"
"PI550468","B45","other_unclassified","unclassified","ok"
"PI550469","B46","other_unclassified","unclassified","ok"
"PI550470","B54","other_unclassified","unclassified","ok"
"PI550471","B56","other_unclassified","unclassified","ok"
"PI550472","B57","other_non-stiff stalk","non-stiff stalk","ok"
"PI550483","B76","other_stiff stalk","stiff stalk","ok"
"PI550489","ND245","other_unclassified","unclassified","ok"
"PI550490","ND246","other_unclassified","unclassified","ok"
"PI550491","ND301","other_unclassified","unclassified","ok"
"PI550496","H102","other_unclassified","unclassified","ok"
"PI550497","H103","other_unclassified","unclassified","ok"
"PI550503","ND247","other_unclassified","unclassified","ok"
"PI550504","ND248","other_unclassified","unclassified","ok"
"PI550514","T61","other_unclassified","unclassified","ok"
"PI550515","T101","other_unclassified","unclassified","ok"
"PI550517","T115","other_unclassified","unclassified","ok"
"PI550520","T224","other_unclassified","unclassified","ok"
"PI550521","T226","other_unclassified","unclassified","ok"
"PI550522","T232","other_unclassified","unclassified","ok"
"PI550526","H110","other_stiff stalk","stiff stalk","ok"
"PI550527","H111","other_stiff stalk","stiff stalk","ok"
"PI550530","ND249","other_unclassified","unclassified","ok"
"PI550531","ND250","other_unclassified","unclassified","ok"
"PI550532","ND251","other_unclassified","unclassified","ok"
"PI550540","ND252","other_unclassified","unclassified","ok"
"PI550541","ND253","other_unclassified","unclassified","ok"
"PI550542","ND254","other_unclassified","unclassified","ok"
"PI550552","ND304W","other_unclassified","unclassified","ok"
"PI550553","ND101","other_unclassified","unclassified","ok"
"PI550554","ND256","other_unclassified","unclassified","ok"
"PI550555","NC250","other_stiff stalk","stiff stalk","ok"
"PI550556","B88","other_unclassified","unclassified","ok"
"PI550558","DE811","other_unclassified","unclassified","ok"
"PI550561","ND257","other_unclassified","unclassified","ok"
"PI550565","N190","other_stiff stalk","stiff stalk","ok"
"PI550566","N192","other_stiff stalk","stiff stalk","ok"
"PI550567","N193","other_unclassified","unclassified","ok"
"PI550568","N194","other_unclassified","unclassified","ok"
"PI550571","ND259","other_unclassified","unclassified","ok"
"PI550573","ND260","other_unclassified","unclassified","ok"
"PI550695","L 155","other_unclassified","unclassified","ok"
"PI550909","89291","other_tropical","tropical","ok"
"PI550911","89302","other_tropical","tropical","ok"
"PI550917","88094","other_tropical","tropical","ok"
"PI550918","88069","other_tropical","tropical","ok"
"PI552815","LH215","other_non-stiff stalk","non-stiff stalk","ok"
"PI553055","OC2","other_unclassified","unclassified","ok"
"PI553056","OC3","other_unclassified","unclassified","ok"
"PI553057","OC4","other_unclassified","unclassified","ok"
"PI553059","OC6","other_unclassified","unclassified","ok"
"PI553063","OC10","other_unclassified","unclassified","ok"
"PI554612","LH209","other_unclassified","unclassified","ok"
"PI554615","MM402A","other_unclassified","unclassified","ok"
"PI554616","3IBZ2","other_unclassified","unclassified","ok"
"PI555650","LIBC 4","other_unclassified","unclassified","ok"
"PI555651","83IBI3","other_non-stiff stalk","non-stiff stalk","ok"
"PI555660","LH214","other_unclassified","unclassified","ok"
"PI558516","Mo7","other_unclassified","unclassified","ok"
"PI558517","Mo10","other_unclassified","unclassified","ok"
"PI558518","Mo15W","other_unclassified","unclassified","ok"
"PI558521","Mo2RF","other_unclassified","unclassified","ok"
"PI558522","Mo3","other_unclassified","unclassified","ok"
"PI558524","Mo6","other_unclassified","unclassified","ok"
"PI558526","Mo9W","other_unclassified","unclassified","ok"
"PI558527","Mo11","other_unclassified","unclassified","ok"
"PI558530","Mo14W","other_unclassified","unclassified","ok"
"PI558531","Mo16W","other_unclassified","unclassified","ok"
"PI558532","Mo17","other_non-stiff stalk","non-stiff stalk","ok"
"PI559375","LH222","other_unclassified","unclassified","ok"
"PI559380","ICI 193","other_unclassified","unclassified","ok"
"PI559381","ICI 441","other_stiff stalk","stiff stalk","ok"
"PI559382","ICI 740","other_unclassified","unclassified","ok"
"PI559383","ICI 893","other_unclassified","unclassified","ok"
"PI559916","CS405","other_unclassified","unclassified","ok"
"PI559918","NQ508","other_unclassified","unclassified","ok"
"PI559919","OQ101","other_unclassified","unclassified","ok"
"PI559920","OQ403","other_unclassified","unclassified","ok"
"PI559921","OS602","other_unclassified","unclassified","ok"
"PI559935","PHBA6","other_unclassified","unclassified","ok"
"PI559944","PHP85","other_unclassified","unclassified","ok"
"PI559945","PHPR5","other_unclassified","unclassified","ok"
"PI559946","PHR30","other_unclassified","unclassified","ok"
"PI559949","PHT69","other_unclassified","unclassified","ok"
"PI559952","PHV53","other_unclassified","unclassified","ok"
"PI559953","PHVA9","other_unclassified","unclassified","ok"
"PI559954","PHWG5","other_unclassified","unclassified","ok"
"PI560074","Pa759","other_unclassified","unclassified","ok"
"PI560075","Pa760","other_unclassified","unclassified","ok"
"PI560081","Pa778","other_non-stiff stalk","non-stiff stalk","ok"
"PI560082","Pa860","other_unclassified","unclassified","ok"
"PI560316","CS608","other_unclassified","unclassified","ok"
"PI561516","AR204","other_unclassified","unclassified","ok"
"PI561523","AR234","other_unclassified","unclassified","ok"
"PI561526","AR250","other_unclassified","unclassified","ok"
"PI561527","AR254","other_unclassified","unclassified","ok"
"PI561529","AR266","other_unclassified","unclassified","ok"
"PI561533","AR276","other_unclassified","unclassified","ok"
"PI561565","B95","other_non-stiff stalk","non-stiff stalk","ok"
"PI561604","90176","other_tropical","tropical","ok"
"PI561694","NYRD4058","other_unclassified","unclassified","ok"
"PI561695","NYLB31","other_unclassified","unclassified","ok"
"PI564682","B97","other_non-stiff stalk","non-stiff stalk","ok"
"PI564852","B101","other_unclassified","unclassified","ok"
"PI568158","N199","other_unclassified","unclassified","ok"
"PI568159","N200","other_unclassified","unclassified","ok"
"PI572413","Oh599","other_unclassified","unclassified","ok"
"PI573098","Oh603","other_unclassified","unclassified","ok"
"PI583350","Mo45","other_unclassified","unclassified","ok"
"PI583351","Mo46","other_non-stiff stalk","non-stiff stalk","ok"
"PI583352","Mo47","other_non-stiff stalk","non-stiff stalk","ok"
"PI583774","ML606","other_unclassified","unclassified","ok"
"PI583846","H126W","other_non-stiff stalk","non-stiff stalk","ok"
"PI583847","H125","other_unclassified","unclassified","ok"
"PI584528","B99","other_non-stiff stalk","non-stiff stalk","ok"
"PI584529","B100","other_non-stiff stalk","non-stiff stalk","ok"
"PI587124","CM105","other_unclassified","unclassified","ok"
"PI587125","CO109","other_unclassified","unclassified","ok"
"PI587127","H105W","other_stiff stalk","stiff stalk","ok"
"PI587128","H84","other_stiff stalk","stiff stalk","ok"
"PI587129","H99","other_unclassified","unclassified","ok"
"PI587137","Ms71","other_unclassified","unclassified","ok"
"PI587138","A554","other_unclassified","unclassified","ok"
"PI587139","A619","other_non-stiff stalk","non-stiff stalk","ok"
"PI587140","A632","other_stiff stalk","stiff stalk","ok"
"PI587141","A654","other_unclassified","unclassified","ok"
"PI587142","A679","other_unclassified","unclassified","ok"
"PI587143","A682","other_non-stiff stalk","non-stiff stalk","ok"
"PI587144","Mo24W","other_unclassified","unclassified","ok"
"PI587145","NC268","other_unclassified","unclassified","ok"
"PI587147","Pa91","other_unclassified","unclassified","ok"
"PI587149","Va26","other_non-stiff stalk","non-stiff stalk","ok"
"PI587150","Va35","other_non-stiff stalk","non-stiff stalk","ok"
"PI587151","Va102","other_NA","unknown","ok"
"PI587152","W64A","other_stiff stalk","stiff stalk","ok"
"PI587153","W117","other_non-stiff stalk","non-stiff stalk","ok"
"PI587154","W153R","other_non-stiff stalk","non-stiff stalk","ok"
"PI587155","W182BN","other_unclassified","unclassified","ok"
"PI591014","BO385Y","other_unclassified","unclassified","ok"
"PI591022","BO46W","other_unclassified","unclassified","ok"
"PI592733","R228","other_unclassified","unclassified","ok"
"PI592734","R229","other_unclassified","unclassified","ok"
"PI592735","R230","other_unclassified","unclassified","ok"
"PI592741","N801w","other_unclassified","unclassified","ok"
"PI593007","Hi25","other_unclassified","unclassified","ok"
"PI593010","Hi28","other_unclassified","unclassified","ok"
"PI593011","Hi29","other_unclassified","unclassified","ok"
"PI593013","Hi31","other_unclassified","unclassified","ok"
"PI593014","Hi33","other_unclassified","unclassified","ok"
"PI593017","Hi39","other_unclassified","unclassified","ok"
"PI593460","991","other_unclassified","unclassified","ok"
"PI594045","B102","other_non-stiff stalk","non-stiff stalk","ok"
"PI594046","B103","other_non-stiff stalk","non-stiff stalk","ok"
"PI594047","B104","other_stiff stalk","stiff stalk","ok"
"PI594048","B105","other_stiff stalk","stiff stalk","ok"
"PI594049","B106","other_non-stiff stalk","non-stiff stalk","ok"
"PI594050","N501","other_unclassified","unclassified","ok"
"PI594051","N502","other_unclassified","unclassified","ok"
"PI594052","N503","other_unclassified","unclassified","ok"
"PI594053","N504","other_unclassified","unclassified","ok"
"PI594054","N505","other_unclassified","unclassified","ok"
"PI594055","N506","other_unclassified","unclassified","ok"
"PI594056","N507","other_unclassified","unclassified","ok"
"PI594057","N508","other_unclassified","unclassified","ok"
"PI594058","N509","other_unclassified","unclassified","ok"
"PI594059","N510","other_unclassified","unclassified","ok"
"PI594060","N511","other_unclassified","unclassified","ok"
"PI594061","N512","other_unclassified","unclassified","ok"
"PI594062","N513","other_unclassified","unclassified","ok"
"PI594063","N514","other_unclassified","unclassified","ok"
"PI594064","N515","other_unclassified","unclassified","ok"
"PI594065","N516","other_unclassified","unclassified","ok"
"PI594066","N517","other_unclassified","unclassified","ok"
"PI594067","N518","other_unclassified","unclassified","ok"
"PI594068","N519","other_unclassified","unclassified","ok"
"PI594069","N520","other_unclassified","unclassified","ok"
"PI594070","N521","other_unclassified","unclassified","ok"
"PI594071","N523","other_unclassified","unclassified","ok"
"PI594072","N524","other_unclassified","unclassified","ok"
"PI594073","N525","other_unclassified","unclassified","ok"
"PI594074","N526","other_unclassified","unclassified","ok"
"PI594075","N528","other_unclassified","unclassified","ok"
"PI594076","N529","other_unclassified","unclassified","ok"
"PI594077","N530","other_unclassified","unclassified","ok"
"PI594078","N532","other_unclassified","unclassified","ok"
"PI594079","N533","other_unclassified","unclassified","ok"
"PI594080","N534","other_unclassified","unclassified","ok"
"PI594081","N535","other_unclassified","unclassified","ok"
"PI594082","N536","other_unclassified","unclassified","ok"
"PI594083","N537","other_unclassified","unclassified","ok"
"PI594084","N538","other_unclassified","unclassified","ok"
"PI594085","N539","other_unclassified","unclassified","ok"
"PI594086","N540","other_unclassified","unclassified","ok"
"PI594087","N541","other_unclassified","unclassified","ok"
"PI594088","N542","other_unclassified","unclassified","ok"
"PI594089","N543","other_unclassified","unclassified","ok"
"PI594090","N544","other_unclassified","unclassified","ok"
"PI594091","N545","other_unclassified","unclassified","ok"
"PI595366","N209","other_unclassified","unclassified","ok"
"PI595367","N215","other_unclassified","unclassified","ok"
"PI595569","CML 300","other_tropical","tropical","ok"
"PI595616","ZS01250","other_unclassified","unclassified","ok"
"PI596355","N216","other_unclassified","unclassified","ok"
"PI596356","N217","other_unclassified","unclassified","ok"
"PI596357","N218","other_unclassified","unclassified","ok"
"PI596499","OC12","other_unclassified","unclassified","ok"
"PI596500","OC13","other_unclassified","unclassified","ok"
"PI596501","OC14","other_unclassified","unclassified","ok"
"PI596502","OC15","other_unclassified","unclassified","ok"
"PI596503","OC16","other_unclassified","unclassified","ok"
"PI596505","OC18","other_unclassified","unclassified","ok"
"PI596627","Mp710","other_unclassified","unclassified","ok"
"PI596629","Mp712","other_unclassified","unclassified","ok"
"PI597578","N546","other_unclassified","unclassified","ok"
"PI597925","B107","other_non-stiff stalk","non-stiff stalk","ok"
"PI597926","B108","other_non-stiff stalk","non-stiff stalk","ok"
"PI597927","B109","other_stiff stalk","stiff stalk","ok"
"PI600729","LP1 NR HT","other_stiff stalk","stiff stalk","ok"
"PI600751","Seagull Seventeen","other_non-stiff stalk","non-stiff stalk","ok"
"PI600772","FR19","other_stiff stalk","stiff stalk","ok"
"PI600791","LH38","other_non-stiff stalk","non-stiff stalk","ok"
"PI600944","LH39","other_non-stiff stalk","non-stiff stalk","ok"
"PI600954","LH119","other_stiff stalk","stiff stalk","ok"
"PI600955","LH51","other_non-stiff stalk","non-stiff stalk","ok"
"PI600956","MDF-13D","other_non-stiff stalk","non-stiff stalk","ok"
"PI600957","LH74","other_stiff stalk","stiff stalk","ok"
"PI600958","FAPW","other_stiff stalk","stiff stalk","ok"
"PI600959","LH145","other_stiff stalk","stiff stalk","ok"
"PI600981","PHG39","other_unclassified","unclassified","ok"
"PI601004","LH132","other_stiff stalk","stiff stalk","ok"
"PI601005","207","other_non-stiff stalk","non-stiff stalk","ok"
"PI601006","PHG50","other_non-stiff stalk","non-stiff stalk","ok"
"PI601007","BO9","other_unclassified","unclassified","ok"
"PI601008","PHG35","other_non-stiff stalk","non-stiff stalk","ok"
"PI601009","PHB47","other_stiff stalk","stiff stalk","ok"
"PI601026","F42","other_stiff stalk","stiff stalk","ok"
"PI601037","G80","other_stiff stalk","stiff stalk","ok"
"PI601079","LH123HT","other_non-stiff stalk","non-stiff stalk","ok"
"PI601080","CR1HT","other_unclassified","unclassified","ok"
"PI601150","PHG71","other_stiff stalk","stiff stalk","ok"
"PI601159","6103","other_unclassified","unclassified","ok"
"PI601170","LH82","other_non-stiff stalk","non-stiff stalk","ok"
"PI601171","LH93","other_unclassified","unclassified","ok"
"PI601172","HBA1","other_unclassified","unclassified","ok"
"PI601190","Q381","other_stiff stalk","stiff stalk","ok"
"PI601191","DJ7","other_stiff stalk","stiff stalk","ok"
"PI601208","IB014","other_non-stiff stalk","non-stiff stalk","ok"
"PI601209","MBNA","other_non-stiff stalk","non-stiff stalk","ok"
"PI601210","78004","other_stiff stalk","stiff stalk","ok"
"PI601211","78010","other_unclassified","unclassified","ok"
"PI601229","PHG83","other_non-stiff stalk","non-stiff stalk","ok"
"PI601269","5707","other_non-stiff stalk","non-stiff stalk","ok"
"PI601270","PHG29","other_non-stiff stalk","non-stiff stalk","ok"
"PI601300","4676A","other_stiff stalk","stiff stalk","ok"
"PI601301","78002A","other_stiff stalk","stiff stalk","ok"
"PI601316","LH54","other_non-stiff stalk","non-stiff stalk","ok"
"PI601317","LH57","other_non-stiff stalk","non-stiff stalk","ok"
"PI601318","PHG47","other_non-stiff stalk","non-stiff stalk","ok"
"PI601319","PHG72","other_non-stiff stalk","non-stiff stalk","ok"
"PI601320","PHG84","other_non-stiff stalk","non-stiff stalk","ok"
"PI601321","PHJ40","other_unclassified","unclassified","ok"
"PI601322","PHZ51","other_non-stiff stalk","non-stiff stalk","ok"
"PI601329","SX-6-10 (Tetraploid)","other_unclassified","unclassified","ok"
"PI601331","SX-6-3 (Tetraploid)","other_unclassified","unclassified","ok"
"PI601332","SX-6-7 (Tetraploid)","other_unclassified","unclassified","ok"
"PI601360","LH52","other_non-stiff stalk","non-stiff stalk","ok"
"PI601361","PHR36","other_non-stiff stalk","non-stiff stalk","ok"
"PI601362","PHW17","other_stiff stalk","stiff stalk","ok"
"PI601374","764","other_unclassified","unclassified","ok"
"PI601375","778","other_unclassified","unclassified","ok"
"PI601376","779","other_unclassified","unclassified","ok"
"PI601377","794","other_unclassified","unclassified","ok"
"PI601378","LP5","other_stiff stalk","stiff stalk","ok"
"PI601402","LH146Ht","other_stiff stalk","stiff stalk","ok"
"PI601403","LH156","other_non-stiff stalk","non-stiff stalk","ok"
"PI601404","LH60","other_unclassified","unclassified","ok"
"PI601405","LH85","other_non-stiff stalk","non-stiff stalk","ok"
"PI601416","LH61","other_unclassified","unclassified","ok"
"PI601417","NS701","other_stiff stalk","stiff stalk","ok"
"PI601430","807","other_unclassified","unclassified","ok"
"PI601438","78371A","other_non-stiff stalk","non-stiff stalk","ok"
"PI601439","FBHJ","other_stiff stalk","stiff stalk","ok"
"PI601440","MBPM","other_non-stiff stalk","non-stiff stalk","ok"
"PI601441","PB80","other_stiff stalk","stiff stalk","ok"
"PI601442","PHG86","other_stiff stalk","stiff stalk","ok"
"PI601457","IB02","other_non-stiff stalk","non-stiff stalk","ok"
"PI601458","IBB15","other_unclassified","unclassified","ok"
"PI601459","IBC2","other_non-stiff stalk","non-stiff stalk","ok"
"PI601466","LH59","other_non-stiff stalk","non-stiff stalk","ok"
"PI601467","PHK05","other_unclassified","unclassified","ok"
"PI601468","PHK29","other_stiff stalk","stiff stalk","ok"
"PI601469","PHR25","other_unclassified","unclassified","ok"
"PI601470","PHV78","other_non-stiff stalk","non-stiff stalk","ok"
"PI601489","740","other_unclassified","unclassified","ok"
"PI601490","787","other_unclassified","unclassified","ok"
"PI601491","790","other_unclassified","unclassified","ok"
"PI601492","793","other_unclassified","unclassified","ok"
"PI601493","LH149","other_stiff stalk","stiff stalk","ok"
"PI601494","LH65","other_non-stiff stalk","non-stiff stalk","ok"
"PI601495","PHK42","other_non-stiff stalk","non-stiff stalk","ok"
"PI601496","PHK76","other_non-stiff stalk","non-stiff stalk","ok"
"PI601497","PHN11","other_non-stiff stalk","non-stiff stalk","ok"
"PI601498","PHT55","other_stiff stalk","stiff stalk","ok"
"PI601499","PHT77","other_non-stiff stalk","non-stiff stalk","ok"
"PI601500","PHV63","other_non-stiff stalk","non-stiff stalk","ok"
"PI601501","PHW65","other_non-stiff stalk","non-stiff stalk","ok"
"PI601502","W8304","other_unclassified","unclassified","ok"
"PI601558","11430","other_unclassified","unclassified","ok"
"PI601559","2369","other_unclassified","unclassified","ok"
"PI601560","2MA22","other_non-stiff stalk","non-stiff stalk","ok"
"PI601561","6M502","other_non-stiff stalk","non-stiff stalk","ok"
"PI601562","78551S","other_non-stiff stalk","non-stiff stalk","ok"
"PI601563","87916W","other_stiff stalk","stiff stalk","ok"
"PI601564","HB8229","other_stiff stalk","stiff stalk","ok"
"PI601565","IBB14","other_stiff stalk","stiff stalk","ok"
"PI601566","MBST","other_non-stiff stalk","non-stiff stalk","ok"
"PI601567","PHH93","other_non-stiff stalk","non-stiff stalk","ok"
"PI601569","PHN47","other_unclassified","unclassified","ok"
"PI601570","PHP02","other_non-stiff stalk","non-stiff stalk","ok"
"PI601571","PHR32","other_unclassified","unclassified","ok"
"PI601572","PHR47","other_stiff stalk","stiff stalk","ok"
"PI601573","PHT10","other_stiff stalk","stiff stalk","ok"
"PI601574","PHT60","other_non-stiff stalk","non-stiff stalk","ok"
"PI601575","PHW52","other_stiff stalk","stiff stalk","ok"
"PI601576","PHW79","other_non-stiff stalk","non-stiff stalk","ok"
"PI601583","NS501","other_stiff stalk","stiff stalk","ok"
"PI601584","OQ603","other_unclassified","unclassified","ok"
"PI601610","H8431","other_stiff stalk","stiff stalk","ok"
"PI601611","S8324","other_unclassified","unclassified","ok"
"PI601612","S8326","other_unclassified","unclassified","ok"
"PI601658","1538","other_unclassified","unclassified","ok"
"PI601683","CR14","other_unclassified","unclassified","ok"
"PI601684","WIL900","other_unclassified","unclassified","ok"
"PI601685","WIL901","other_non-stiff stalk","non-stiff stalk","ok"
"PI601686","WIL903","other_non-stiff stalk","non-stiff stalk","ok"
"PI601724","E8501","other_unclassified","unclassified","ok"
"PI601725","J8606","other_unclassified","unclassified","ok"
"PI601726","L 127","other_non-stiff stalk","non-stiff stalk","ok"
"PI601727","L 135","other_non-stiff stalk","non-stiff stalk","ok"
"PI601728","L 139","other_non-stiff stalk","non-stiff stalk","ok"
"PI601729","W8555","other_unclassified","unclassified","ok"
"PI601745","4N506","other_stiff stalk","stiff stalk","ok"
"PI601773","PHJ31","other_unclassified","unclassified","ok"
"PI601774","PHJ33","other_non-stiff stalk","non-stiff stalk","ok"
"PI601775","PHJ70","other_stiff stalk","stiff stalk","ok"
"PI601776","PHJ75","other_unclassified","unclassified","ok"
"PI601777","PHK35","other_unclassified","unclassified","ok"
"PI601778","PHM10","other_stiff stalk","stiff stalk","ok"
"PI601779","PHM57","other_unclassified","unclassified","ok"
"PI601780","PHN29","other_stiff stalk","stiff stalk","ok"
"PI601781","PHN37","other_unclassified","unclassified","ok"
"PI601782","PHN73","other_non-stiff stalk","non-stiff stalk","ok"
"PI601783","PHN82","other_non-stiff stalk","non-stiff stalk","ok"
"PI601784","PHP55","other_stiff stalk","stiff stalk","ok"
"PI601785","PHP60","other_unclassified","unclassified","ok"
"PI601786","PHR62","other_non-stiff stalk","non-stiff stalk","ok"
"PI601787","PHR63","other_unclassified","unclassified","ok"
"PI601788","PHT22","other_non-stiff stalk","non-stiff stalk","ok"
"PI601789","PHV37","other_stiff stalk","stiff stalk","ok"
"PI601790","PHW03","other_stiff stalk","stiff stalk","ok"
"PI601791","PHW20","other_non-stiff stalk","non-stiff stalk","ok"
"PI601792","PHW43","other_non-stiff stalk","non-stiff stalk","ok"
"PI601808","2FACC","other_stiff stalk","stiff stalk","ok"
"PI603939","B42","other_non-stiff stalk","non-stiff stalk","ok"
"PI604605","N522","other_unclassified","unclassified","ok"
"PI604606","N527","other_unclassified","unclassified","ok"
"PI606329","DE1","other_unclassified","unclassified","ok"
"PI606330","DE2","other_non-stiff stalk","non-stiff stalk","ok"
"PI606768","SD40","other_unclassified","unclassified","ok"
"PI606769","SD41","other_unclassified","unclassified","ok"
"PI607512","N7A","other_stiff stalk","stiff stalk","ok"
"PI607519","ND240","other_unclassified","unclassified","ok"
"PI607521","A661","other_unclassified","unclassified","ok"
"PI607522","A662","other_unclassified","unclassified","ok"
"PI607523","A663","other_unclassified","unclassified","ok"
"PI607524","A664","other_unclassified","unclassified","ok"
"PI607525","A665","other_stiff stalk","stiff stalk","ok"
"PI607527","ND300","other_unclassified","unclassified","ok"
"PI608764","B55","other_unclassified","unclassified","ok"
"PI608765","B77","other_unclassified","unclassified","ok"
"PI608766","B79","other_unclassified","unclassified","ok"
"PI608767","B84","other_unclassified","unclassified","ok"
"PI608768","B87","other_unclassified","unclassified","ok"
"PI608774","B75","other_non-stiff stalk","non-stiff stalk","ok"
"PI608777","B85","other_unclassified","unclassified","ok"
"PI608778","B86","other_unclassified","unclassified","ok"
"PI610493","NY5526","other_unclassified","unclassified","ok"
"PI610494","NY6371","other_unclassified","unclassified","ok"
"PI631393","ND291","other_unclassified","unclassified","ok"
"PI631394","ND2000","other_unclassified","unclassified","ok"
"PI631444","T270","other_unclassified","unclassified","ok"
"PI633839","Tx114","other_unclassified","unclassified","ok"
"PI633840","Tx714","other_unclassified","unclassified","ok"
"PI633924","T272","other_unclassified","unclassified","ok"
"PI634206","Mo48","other_unclassified","unclassified","ok"
"PI634207","Mo49","other_unclassified","unclassified","ok"
"PI638549","N551","other_unclassified","unclassified","ok"
"PI638550","N552","other_unclassified","unclassified","ok"
"PI638551","DE3","other_non-stiff stalk","non-stiff stalk","ok"
"PI638594","T175","other_unclassified","unclassified","ok"
"PI639111","Oh605","other_unclassified","unclassified","ok"
"PI639931","TZSTRI107","other_tropical","tropical","ok"
"PI639936","TZSTRI112","other_tropical","tropical","ok"
"PI639937","TZSTRI113","other_tropical","tropical","ok"
"PI639938","TZSTRI114","other_tropical","tropical","ok"
"PI641068","TZEI 8","other_tropical","tropical","ok"
"PI641070","TZEI 10","other_tropical","tropical","ok"
"PI641071","TZEI 11","other_tropical","tropical","ok"
"PI641072","TZEI 12","other_tropical","tropical","ok"
"PI641226","Hi44","other_unclassified","unclassified","ok"
"PI641229","Hi47","other_unclassified","unclassified","ok"
"PI641238","Hi56","other_unclassified","unclassified","ok"
"PI641242","Hi60","other_unclassified","unclassified","ok"
"PI641243","Hi61","other_unclassified","unclassified","ok"
"PI641249","Hi67","other_unclassified","unclassified","ok"
"PI641253","TZEEI 3","other_tropical","tropical","ok"
"PI641254","TZEEI 4","other_tropical","tropical","ok"
"PI641256","TZEEI 6","other_tropical","tropical","ok"
"PI644101","LH1","other_stiff stalk","stiff stalk","ok"
"PI648423","58611 Inbred A632","other_stiff stalk","stiff stalk","ok"
"PI648424","58609 A632 (Meth) Bc5S4","other_stiff stalk","stiff stalk","ok"
"PI648425","58610 A632 (Meth) Bc5S4","other_stiff stalk","stiff stalk","ok"
"PI648426","58612 Inbred B73","other_stiff stalk","stiff stalk","ok"
"PI648427","58613 B73 (Meth) Bc5S4","other_stiff stalk","stiff stalk","ok"
"PI648428","58614 B73 (Meth) Bc5S4","other_unclassified","unclassified","ok"
"PI648429","58615 B73 (Meth) Bc5S4","other_stiff stalk","stiff stalk","ok"
"PI648430","58801 Inbred Mo17","other_non-stiff stalk","non-stiff stalk","ok"
"PI648432","58803 Mo17 (Meth) BcS3","other_non-stiff stalk","non-stiff stalk","ok"
"PI654048","TZAR101","other_tropical","tropical","ok"
